-- MySQL dump 10.13  Distrib 5.7.29, for Win64 (x86_64)
--
-- Host: localhost    Database: party
-- ------------------------------------------------------
-- Server version	5.7.29-log

/*!40101 SET @OLD_CHARACTER_SET_CLIENT=@@CHARACTER_SET_CLIENT */;
/*!40101 SET @OLD_CHARACTER_SET_RESULTS=@@CHARACTER_SET_RESULTS */;
/*!40101 SET @OLD_COLLATION_CONNECTION=@@COLLATION_CONNECTION */;
/*!40101 SET NAMES utf8 */;
/*!40103 SET @OLD_TIME_ZONE=@@TIME_ZONE */;
/*!40103 SET TIME_ZONE='+00:00' */;
/*!40014 SET @OLD_UNIQUE_CHECKS=@@UNIQUE_CHECKS, UNIQUE_CHECKS=0 */;
/*!40014 SET @OLD_FOREIGN_KEY_CHECKS=@@FOREIGN_KEY_CHECKS, FOREIGN_KEY_CHECKS=0 */;
/*!40101 SET @OLD_SQL_MODE=@@SQL_MODE, SQL_MODE='NO_AUTO_VALUE_ON_ZERO' */;
/*!40111 SET @OLD_SQL_NOTES=@@SQL_NOTES, SQL_NOTES=0 */;

--
-- Table structure for table `t_admins`
--

DROP TABLE IF EXISTS `t_admins`;
/*!40101 SET @saved_cs_client     = @@character_set_client */;
/*!40101 SET character_set_client = utf8 */;
CREATE TABLE `t_admins` (
  `id` int(11) NOT NULL AUTO_INCREMENT,
  `username` varchar(255) DEFAULT NULL,
  `password` varchar(255) DEFAULT NULL,
  `name` varchar(255) DEFAULT NULL,
  `phone` varchar(255) DEFAULT NULL,
  `email` varchar(255) DEFAULT NULL,
  `college_id` int(11) DEFAULT NULL,
  `joinpartytime` datetime DEFAULT NULL,
  `flag` varchar(255) DEFAULT NULL COMMENT '标志位，2为学校管理员，1为学院管理员',
  PRIMARY KEY (`id`),
  KEY `t_admins_ibfk_1` (`college_id`),
  CONSTRAINT `t_admins_ibfk_1` FOREIGN KEY (`college_id`) REFERENCES `t_colleges` (`id`) ON DELETE CASCADE ON UPDATE CASCADE
) ENGINE=InnoDB AUTO_INCREMENT=27 DEFAULT CHARSET=utf8;
/*!40101 SET character_set_client = @saved_cs_client */;

--
-- Dumping data for table `t_admins`
--

LOCK TABLES `t_admins` WRITE;
/*!40000 ALTER TABLE `t_admins` DISABLE KEYS */;
INSERT INTO `t_admins` VALUES (1,'yzx','e10adc3949ba59abbe56e057f20f883e','yzx','12345688','1755627306@qq.com',1,'2022-01-05 00:00:00','2'),(2,'yzh','e10adc3949ba59abbe56e057f20f883e','yzh','123456','1755627306@qq.com',2,'2022-01-05 00:00:00','1'),(3,'yl','e10adc3949ba59abbe56e057f20f883e','杨林','56785676','123456@163.com',3,'2022-01-08 15:09:40','1'),(4,'cql','e10adc3949ba59abbe56e057f20f883e','陈秋玲','6756454','123456@163.com',5,'2022-01-08 00:00:00','1'),(5,'hhy','e10adc3949ba59abbe56e057f20f883e','胡环宇','768986','123456@163.com',6,'2022-01-08 15:10:49','1'),(8,'xx','e10adc3949ba59abbe56e057f20f883e','郑新夏','123456','1234567890@163.com',2,'2022-01-08 00:00:00','1'),(9,'cz','e10adc3949ba59abbe56e057f20f883e','陈卓','123456','1234567890@163.com',3,'2022-01-09 00:00:00','1'),(10,'lxy','e10adc3949ba59abbe56e057f20f883e','李昕玥','123456','1234567890@163.com',5,'2022-01-09 00:00:00','1'),(13,'佩佩','e10adc3949ba59abbe56e057f20f883e','佩佩啊','8888','1234567890@163.com',1,'2022-01-24 00:00:00','2'),(22,'艺术家','e10adc3949ba59abbe56e057f20f883e','艺术家','123456','1234567890@163.com',5,'2022-01-02 00:00:00','1'),(23,'翻译家','e10adc3949ba59abbe56e057f20f883e','翻译家','123456','1234567890@163.com',30,'2022-03-07 00:00:00','1'),(24,'经济家','e10adc3949ba59abbe56e057f20f883e','经济家','123456','1234567890@163.com',26,'2022-03-07 00:00:00','1'),(25,'小糯米','e10adc3949ba59abbe56e057f20f883e','小糯米','123456','1234567890@163.com',27,'2022-03-07 00:00:00','1'),(26,'testAdmin','e10adc3949ba59abbe56e057f20f883e','testAdmin','123456','66887799@163.com',6,'2022-03-16 00:00:00','1');
/*!40000 ALTER TABLE `t_admins` ENABLE KEYS */;
UNLOCK TABLES;

--
-- Table structure for table `t_colleges`
--

DROP TABLE IF EXISTS `t_colleges`;
/*!40101 SET @saved_cs_client     = @@character_set_client */;
/*!40101 SET character_set_client = utf8 */;
CREATE TABLE `t_colleges` (
  `id` int(11) NOT NULL AUTO_INCREMENT,
  `name` varchar(255) DEFAULT NULL,
  `createpartytime` datetime DEFAULT NULL,
  PRIMARY KEY (`id`)
) ENGINE=InnoDB AUTO_INCREMENT=31 DEFAULT CHARSET=utf8;
/*!40101 SET character_set_client = @saved_cs_client */;

--
-- Dumping data for table `t_colleges`
--

LOCK TABLES `t_colleges` WRITE;
/*!40000 ALTER TABLE `t_colleges` DISABLE KEYS */;
INSERT INTO `t_colleges` VALUES (1,'校党建办公室','2022-01-06 00:00:00'),(2,'软件学院','2022-01-06 00:00:00'),(3,'土木学院','2022-01-06 00:00:00'),(5,'艺术学院','2022-01-02 00:00:00'),(6,'机电学院','2022-01-08 11:11:43'),(25,'电气学院','2022-03-07 00:00:00'),(26,'经管学院','2022-03-07 00:00:00'),(27,'人文学院','2022-03-04 00:00:00'),(28,'信息学院','2022-02-26 00:00:00'),(29,'国际学院','2022-03-06 00:00:00'),(30,'外国语学院','2022-02-25 00:00:00');
/*!40000 ALTER TABLE `t_colleges` ENABLE KEYS */;
UNLOCK TABLES;

--
-- Table structure for table `t_comments`
--

DROP TABLE IF EXISTS `t_comments`;
/*!40101 SET @saved_cs_client     = @@character_set_client */;
/*!40101 SET character_set_client = utf8 */;
CREATE TABLE `t_comments` (
  `id` int(11) NOT NULL AUTO_INCREMENT,
  `new_id` int(11) DEFAULT NULL,
  `nickname` varchar(255) DEFAULT NULL,
  `content` longtext,
  `creattime` datetime DEFAULT NULL,
  `parent_id` int(11) DEFAULT NULL COMMENT '父评论id',
  `phone` varchar(255) DEFAULT NULL,
  `college_id` int(11) DEFAULT NULL,
  `person_id` int(11) DEFAULT NULL,
  `title` varchar(255) DEFAULT NULL COMMENT '新闻标题',
  PRIMARY KEY (`id`),
  KEY `t_comments_ibfk_1` (`new_id`),
  KEY `t_comments_ibfk_2` (`parent_id`),
  CONSTRAINT `t_comments_ibfk_1` FOREIGN KEY (`new_id`) REFERENCES `t_news` (`id`) ON DELETE CASCADE ON UPDATE CASCADE,
  CONSTRAINT `t_comments_ibfk_2` FOREIGN KEY (`parent_id`) REFERENCES `t_comments` (`id`) ON DELETE CASCADE ON UPDATE CASCADE
) ENGINE=InnoDB AUTO_INCREMENT=63 DEFAULT CHARSET=utf8;
/*!40101 SET character_set_client = @saved_cs_client */;

--
-- Dumping data for table `t_comments`
--

LOCK TABLES `t_comments` WRITE;
/*!40000 ALTER TABLE `t_comments` DISABLE KEYS */;
INSERT INTO `t_comments` VALUES (2,1,'联想','测试第二个评论','2022-01-19 10:06:44',NULL,'123456',1,1,'习近平在北京考察2022年冬奥会'),(5,3,'联想','我们都要好好努力，越努力越幸运','2022-01-20 11:06:20',NULL,'123456',1,1,'柳和生为新生上“开学第一课”'),(9,27,'王大爷','爱拼才会赢！！！','2022-01-29 11:42:59',NULL,'66666',2,2,'爱“创”就敢“闯” | 软件学院创业火种体验营'),(10,27,'王大爷','我们要激发自己的创新意识','2022-01-29 11:43:21',NULL,'66666',2,2,'爱“创”就敢“闯” | 软件学院创业火种体验营'),(11,22,'王大爷','凝聚新声力量','2022-01-29 12:13:13',NULL,'66666',1,2,'爱“创”就敢“闯” | 软件学院创业火种体验营'),(12,21,'中海','安全很重要','2022-01-29 12:15:24',NULL,'123456',1,19,'我校开展“辅导员讲党史故事”系列活动！'),(13,21,'中海','党史学习使我进步','2022-01-29 12:15:37',NULL,'123456',1,19,'我校开展“辅导员讲党史故事”系列活动！'),(14,21,'中海','辅导员们讲的很好','2022-01-29 12:15:55',NULL,'123456',1,19,'我校开展“辅导员讲党史故事”系列活动！'),(15,21,'联想','前辈们是伟大的','2022-01-29 17:39:48',13,'12345678890',1,1,'我校开展“辅导员讲党史故事”系列活动！'),(16,19,'联想','警惕网络贷款和网络诈骗','2022-01-29 17:42:48',NULL,'12345678890',1,1,'网安人人抓，“信”福千万家'),(17,22,'联想','会议的看法','2022-02-03 10:52:01',NULL,'12345678890',1,1,'纪念詹天佑先生诞辰 | 賡续天佑血脉 凝聚新声力量'),(20,28,'联想','党史学习','2022-02-13 10:56:05',NULL,'12345678890',2,1,'软件学院召开党委理论学习中心组“改革开放时期党史”专题学习会'),(21,28,'联想','使我们受益终生','2022-02-13 10:56:37',20,'12345678890',2,1,'软件学院召开党委理论学习中心组“改革开放时期党史”专题学习会'),(23,19,'柯尔特','不要点击陌生链接','2022-02-13 15:40:25',NULL,'123456',1,8,'网安人人抓，“信”福千万家'),(24,19,'柯尔特','而且要立即报警','2022-02-13 15:41:00',23,'123456',1,8,'网安人人抓，“信”福千万家'),(37,22,'交通1','测试赋值id','2022-02-22 16:09:48',NULL,'123456',1,25,'纪念詹天佑先生诞辰 | 賡续天佑血脉 凝聚新声力量'),(38,22,'王大爷','再来一个','2022-02-22 16:10:30',37,'66666',1,2,'纪念詹天佑先生诞辰 | 賡续天佑血脉 凝聚新声力量'),(39,22,'王大爷','还要评论','2022-02-22 16:10:37',NULL,'66666',1,2,'纪念詹天佑先生诞辰 | 賡续天佑血脉 凝聚新声力量'),(42,23,'王大爷','选调生加油！！','2022-03-04 11:11:41',NULL,'66666',2,2,'出征，华交选调生！'),(43,26,'王大爷','中国共产党万岁','2022-03-04 11:12:06',NULL,'66666',2,2,'软件学院师生党员观看庆祝中国共产党成立100周年大会'),(44,36,'人文1','说的很好','2022-03-19 17:57:58',NULL,'123456',27,52,'专业介绍'),(45,36,'人文1','专业介绍的非常不错','2022-03-19 17:58:07',NULL,'123456',27,52,'专业介绍'),(46,36,'人文2','楼上说的没错','2022-03-19 17:58:24',NULL,'123456',27,53,'专业介绍'),(47,36,'人文2','我最想读中国语言文学系','2022-03-19 17:58:41',NULL,'123456',27,53,'专业介绍'),(48,35,'经管学院学生一','经济学的好，工资很高的','2022-03-19 17:59:19',NULL,'123456',26,41,'经济管理学'),(49,35,'经管学院学生一','两门学科之间却有很大的区别','2022-03-19 17:59:25',NULL,'123456',26,41,'经济管理学'),(50,35,'经管学院学生一','我就是大一经管学院的学生','2022-03-19 17:59:47',NULL,'123456',26,41,'经济管理学'),(51,35,'经管学院学生二','经济学与管理学有不一样的派别','2022-03-19 18:00:15',NULL,'123456',26,42,'经济管理学'),(52,35,'经管学院学生二','我一定要好好学习经济专业知识','2022-03-19 18:00:44',NULL,'123456',26,42,'经济管理学'),(53,35,'经管学院学生二','争取获得奖学金','2022-03-19 18:00:55',52,'123456',26,42,'经济管理学'),(54,9,'土木2','评论填充一','2022-03-19 18:07:49',NULL,'123456',3,20,'土木学院新闻'),(55,9,'土木2','评论填充二','2022-03-19 18:07:56',NULL,'123456',3,20,'土木学院新闻'),(56,9,'土木2','评论填充三','2022-03-19 18:08:05',NULL,'123456',3,20,'土木学院新闻'),(57,9,'土木2','评论填充四','2022-03-19 18:08:09',NULL,'123456',3,20,'土木学院新闻'),(58,9,'土木3','评论填充五','2022-03-19 18:08:25',NULL,'123456',3,21,'土木学院新闻'),(59,9,'土木3','评论填充六','2022-03-19 18:08:36',57,'123456',3,21,'土木学院新闻'),(60,9,'土木3','评论填充七','2022-03-19 18:08:42',55,'123456',3,21,'土木学院新闻'),(61,20,'联想','大家国庆节快乐！！','2022-03-24 17:09:48',NULL,'12345678890',1,1,'华交学子厚植爱国情怀，点燃别样国庆红'),(62,20,'王大爷','在注意防疫的情况下，好好放松放松啊，哈哈哈','2022-03-24 17:10:38',61,'66666',1,2,'华交学子厚植爱国情怀，点燃别样国庆红');
/*!40000 ALTER TABLE `t_comments` ENABLE KEYS */;
UNLOCK TABLES;

--
-- Table structure for table `t_forgets`
--

DROP TABLE IF EXISTS `t_forgets`;
/*!40101 SET @saved_cs_client     = @@character_set_client */;
/*!40101 SET character_set_client = utf8 */;
CREATE TABLE `t_forgets` (
  `id` int(11) NOT NULL AUTO_INCREMENT,
  `username` varchar(255) DEFAULT NULL COMMENT '用户名',
  `email` varchar(255) DEFAULT NULL,
  `createtime` datetime DEFAULT NULL COMMENT '找回密码时间，超过时间不可用',
  `flag` varchar(255) DEFAULT NULL COMMENT 'admin和person区分管理员和学生',
  `invalidtime` datetime DEFAULT NULL COMMENT '失效时间',
  `varcode` varchar(255) DEFAULT NULL COMMENT '验证码',
  PRIMARY KEY (`id`)
) ENGINE=InnoDB AUTO_INCREMENT=15 DEFAULT CHARSET=utf8;
/*!40101 SET character_set_client = @saved_cs_client */;

--
-- Dumping data for table `t_forgets`
--

LOCK TABLES `t_forgets` WRITE;
/*!40000 ALTER TABLE `t_forgets` DISABLE KEYS */;
INSERT INTO `t_forgets` VALUES (2,'yzx','1755627306@qq.com','2022-03-14 17:35:15','admin','2022-03-14 17:40:15',NULL),(3,'yzx','1755627306@qq.com','2022-03-15 11:26:37','admin','2022-03-15 11:31:37','WWCwfz'),(4,'yzx','1755627306@qq.com','2022-03-15 15:10:48','admin','2022-03-15 15:15:48','mX7J3W'),(5,'yzx','1755627306@qq.com','2022-03-15 15:35:59','admin','2022-03-15 15:40:59','yuWdBs'),(6,'yzx','1755627306@qq.com','2022-03-15 15:39:31','admin','2022-03-15 15:44:31','wgygA8'),(7,'yzx','2108301436@qq.com','2022-03-15 15:44:02','admin','2022-03-15 15:49:02','gHDCS3'),(8,'yzx','2108301436@qq.com','2022-03-15 15:48:31','admin','2022-03-15 15:53:31','8EW7EN'),(9,'yzx','1755627306@qq.com','2022-03-15 15:54:54','admin','2022-03-15 15:59:54','ArvkSV'),(10,'yzx','1755627306@qq.com','2022-03-15 15:56:24','admin','2022-03-15 16:01:24','PTriR3'),(11,'yzx','1780715994@qq.com','2022-03-15 16:16:06','admin','2022-03-15 16:21:06','pH2gWZ'),(12,'xx1','1755627306@qq.com','2022-03-15 16:51:58','person','2022-03-15 16:56:58','TQgZdA'),(13,'yzx','1755627306@qq.com','2022-03-16 17:09:22','admin','2022-03-16 17:14:22','5X3JuM'),(14,'yzx','1755627306@qq.com','2022-03-29 09:57:19','admin','2022-03-29 10:02:19','5pxkNy');
/*!40000 ALTER TABLE `t_forgets` ENABLE KEYS */;
UNLOCK TABLES;

--
-- Table structure for table `t_logs`
--

DROP TABLE IF EXISTS `t_logs`;
/*!40101 SET @saved_cs_client     = @@character_set_client */;
/*!40101 SET character_set_client = utf8 */;
CREATE TABLE `t_logs` (
  `id` int(11) NOT NULL AUTO_INCREMENT,
  `usercode` varchar(255) DEFAULT NULL,
  `type` varchar(255) DEFAULT NULL COMMENT '指定操作的类型（查看、搜索、登录、下载、修改、删除、新增）',
  `description` varchar(255) DEFAULT NULL,
  `operationtime` datetime DEFAULT NULL,
  `usercollege` varchar(255) DEFAULT NULL COMMENT '操作者所在学院',
  `ipaddress` varchar(255) DEFAULT NULL,
  PRIMARY KEY (`id`)
) ENGINE=InnoDB AUTO_INCREMENT=2077 DEFAULT CHARSET=utf8;
/*!40101 SET character_set_client = @saved_cs_client */;

--
-- Dumping data for table `t_logs`
--

LOCK TABLES `t_logs` WRITE;
/*!40000 ALTER TABLE `t_logs` DISABLE KEYS */;
INSERT INTO `t_logs` VALUES (1497,'杨子贤','查看','查看学院新闻树状图','2022-03-18 16:43:48','华东交通大学党建办公室','0:0:0:0:0:0:0:1'),(1498,'杨子贤','查看','查看学院党员人数表格','2022-03-18 16:43:49','华东交通大学党建办公室','0:0:0:0:0:0:0:1'),(1499,'杨子贤','查看','查看学院新闻树状图','2022-03-18 16:44:42','华东交通大学党建办公室','0:0:0:0:0:0:0:1'),(1500,'杨子贤','查看','查看学院党员人数表格','2022-03-18 16:44:43','华东交通大学党建办公室','0:0:0:0:0:0:0:1'),(1501,'杨子贤','查看','查看学院新闻树状图','2022-03-18 16:45:20','华东交通大学党建办公室','0:0:0:0:0:0:0:1'),(1502,'杨子贤','查看','查看学院党员人数表格','2022-03-18 16:45:22','华东交通大学党建办公室','0:0:0:0:0:0:0:1'),(1503,'杨子贤','查看','查看学院党员人数表格','2022-03-18 16:45:45','华东交通大学党建办公室','0:0:0:0:0:0:0:1'),(1504,'杨子贤','查看','查看学院新闻树状图','2022-03-18 16:45:59','华东交通大学党建办公室','0:0:0:0:0:0:0:1'),(1505,'杨子贤','查看','查看学院党员人数表格','2022-03-18 16:46:04','华东交通大学党建办公室','0:0:0:0:0:0:0:1'),(1506,'杨子贤','查看','查看三会一课时长折线图','2022-03-18 16:46:15','华东交通大学党建办公室','0:0:0:0:0:0:0:1'),(1507,'杨子贤','查看','查看学院党员人数表格','2022-03-18 16:46:50','华东交通大学党建办公室','0:0:0:0:0:0:0:1'),(1508,'陈秋玲','查看','查看党员比例饼状图','2022-03-18 16:47:11','艺术学院','0:0:0:0:0:0:0:1'),(1509,'陈秋玲','新增','新增党支部人员','2022-03-18 16:47:50','艺术学院','0:0:0:0:0:0:0:1'),(1510,'陈秋玲','新增','新增党支部人员','2022-03-18 16:48:02','艺术学院','0:0:0:0:0:0:0:1'),(1511,'陈秋玲','新增','新增党支部人员','2022-03-18 16:48:33','艺术学院','0:0:0:0:0:0:0:1'),(1512,'陈秋玲','新增','新增党支部人员','2022-03-18 16:49:03','艺术学院','0:0:0:0:0:0:0:1'),(1513,'胡环宇','新增','新增党支部人员','2022-03-18 16:49:54','机电学院','0:0:0:0:0:0:0:1'),(1514,'胡环宇','新增','新增党支部人员','2022-03-18 16:50:13','机电学院','0:0:0:0:0:0:0:1'),(1515,'杨子贤','查看','查看学院新闻树状图','2022-03-18 16:50:44','华东交通大学党建办公室','0:0:0:0:0:0:0:1'),(1516,'杨子贤','查看','查看学院党员人数表格','2022-03-18 16:50:45','华东交通大学党建办公室','0:0:0:0:0:0:0:1'),(1517,'经济家','新增','新增党支部人员','2022-03-18 16:51:52','经管学院','0:0:0:0:0:0:0:1'),(1518,'经济家','新增','新增党支部人员','2022-03-18 16:52:20','经管学院','0:0:0:0:0:0:0:1'),(1519,'小糯米','新增','新增党支部人员','2022-03-18 16:52:58','人文学院','0:0:0:0:0:0:0:1'),(1520,'小糯米','新增','新增党支部人员','2022-03-18 16:53:47','人文学院','0:0:0:0:0:0:0:1'),(1521,'小糯米','新增','新增党支部人员','2022-03-18 16:54:12','人文学院','0:0:0:0:0:0:0:1'),(1522,'小糯米','修改','修改党支部人员信息','2022-03-18 16:54:30','人文学院','0:0:0:0:0:0:0:1'),(1523,'小糯米','新增','新增党支部人员','2022-03-18 16:54:52','人文学院','0:0:0:0:0:0:0:1'),(1524,'杨子贤','查看','查看学院新闻树状图','2022-03-18 16:54:59','华东交通大学党建办公室','0:0:0:0:0:0:0:1'),(1525,'杨子贤','查看','查看学院党员人数表格','2022-03-18 16:55:00','华东交通大学党建办公室','0:0:0:0:0:0:0:1'),(1526,'杨子贤','查看','查看学院党员人数表格','2022-03-18 16:56:13','华东交通大学党建办公室','0:0:0:0:0:0:0:1'),(1527,'杨子贤','查看','查看三会一课时长折线图','2022-03-18 16:56:48','华东交通大学党建办公室','0:0:0:0:0:0:0:1'),(1528,'杨子贤','查看','查看学院党员人数表格','2022-03-18 16:56:50','华东交通大学党建办公室','0:0:0:0:0:0:0:1'),(1529,'杨子贤','查看','查看学院新闻树状图','2022-03-18 16:56:53','华东交通大学党建办公室','0:0:0:0:0:0:0:1'),(1530,'杨子贤','查看','查看学院党员人数表格','2022-03-18 16:58:02','华东交通大学党建办公室','0:0:0:0:0:0:0:1'),(1531,'杨子贤','查看','查看三会一课时长折线图','2022-03-18 16:58:04','华东交通大学党建办公室','0:0:0:0:0:0:0:1'),(1532,'杨子贤','查看','查看学院党员人数表格','2022-03-18 16:58:08','华东交通大学党建办公室','0:0:0:0:0:0:0:1'),(1533,'杨子贤','查看','查看学院党员人数表格','2022-03-18 16:59:07','华东交通大学党建办公室','0:0:0:0:0:0:0:1'),(1534,'杨子贤','查看','查看学院党员人数表格','2022-03-18 16:59:36','华东交通大学党建办公室','0:0:0:0:0:0:0:1'),(1535,'杨子贤','查看','查看学院党员人数表格','2022-03-18 17:00:01','华东交通大学党建办公室','0:0:0:0:0:0:0:1'),(1536,'杨子贤','查看','查看学院党员人数表格','2022-03-18 17:00:33','华东交通大学党建办公室','0:0:0:0:0:0:0:1'),(1537,'杨子贤','查看','查看学院党员人数表格','2022-03-18 17:00:42','华东交通大学党建办公室','0:0:0:0:0:0:0:1'),(1538,'杨子贤','查看','查看三会一课时长折线图','2022-03-18 17:03:54','华东交通大学党建办公室','0:0:0:0:0:0:0:1'),(1539,'杨子慧','查看','查看党员比例饼状图','2022-03-18 17:06:39','软件学院','0:0:0:0:0:0:0:1'),(1540,'杨子慧','查看','查看党员比例饼状图','2022-03-18 17:07:15','软件学院','0:0:0:0:0:0:0:1'),(1541,'杨子慧','查看','查看党员比例饼状图','2022-03-18 17:07:50','软件学院','0:0:0:0:0:0:0:1'),(1542,'杨子慧','查看','查看党员比例饼状图','2022-03-18 17:10:16','软件学院','0:0:0:0:0:0:0:1'),(1543,'杨子慧','查看','查看党员比例饼状图','2022-03-18 17:10:41','软件学院','0:0:0:0:0:0:0:1'),(1544,'杨子慧','查看','查看党员比例饼状图','2022-03-18 17:11:30','软件学院','0:0:0:0:0:0:0:1'),(1545,'杨子慧','查看','查看党员比例饼状图','2022-03-18 17:11:59','软件学院','0:0:0:0:0:0:0:1'),(1546,'杨子慧','查看','查看党员比例饼状图','2022-03-18 17:12:08','软件学院','0:0:0:0:0:0:0:1'),(1547,'杨子慧','查看','查看党员比例饼状图','2022-03-18 17:12:20','软件学院','0:0:0:0:0:0:0:1'),(1548,'杨子慧','查看','查看党员比例饼状图','2022-03-18 17:13:12','软件学院','0:0:0:0:0:0:0:1'),(1549,'杨子慧','查看','查看党员比例饼状图','2022-03-18 17:13:56','软件学院','0:0:0:0:0:0:0:1'),(1550,'杨子慧','查看','查看党员比例饼状图','2022-03-18 17:14:40','软件学院','0:0:0:0:0:0:0:1'),(1551,'杨子慧','查看','查看党员比例饼状图','2022-03-18 17:15:58','软件学院','0:0:0:0:0:0:0:1'),(1552,'杨子慧','查看','查看党员比例饼状图','2022-03-18 17:16:08','软件学院','0:0:0:0:0:0:0:1'),(1553,'杨子慧','查看','查看党员比例饼状图','2022-03-18 17:16:15','软件学院','0:0:0:0:0:0:0:1'),(1554,'杨子慧','查看','查看党员比例饼状图','2022-03-18 17:16:27','软件学院','0:0:0:0:0:0:0:1'),(1555,'杨子贤','查看','查看学院新闻树状图','2022-03-18 17:16:34','华东交通大学党建办公室','0:0:0:0:0:0:0:1'),(1556,'杨子贤','查看','查看学院党员人数表格','2022-03-18 17:16:36','华东交通大学党建办公室','0:0:0:0:0:0:0:1'),(1557,'杨子贤','查看','查看三会一课时长折线图','2022-03-18 17:16:38','华东交通大学党建办公室','0:0:0:0:0:0:0:1'),(1558,'杨子贤','查看','查看学院新闻树状图','2022-03-18 17:16:39','华东交通大学党建办公室','0:0:0:0:0:0:0:1'),(1559,'杨子贤','查看','查看学院党员人数表格','2022-03-18 17:20:22','华东交通大学党建办公室','0:0:0:0:0:0:0:1'),(1560,'杨子贤','查看','查看学院新闻树状图','2022-03-18 17:21:06','华东交通大学党建办公室','0:0:0:0:0:0:0:1'),(1561,'杨子贤','查看','查看学院新闻树状图','2022-03-19 10:33:26','华东交通大学党建办公室','0:0:0:0:0:0:0:1'),(1562,'杨子贤','查看','查看学院党员人数分布','2022-03-19 10:33:27','华东交通大学党建办公室','0:0:0:0:0:0:0:1'),(1563,'杨子贤','查看','查看三会一课时长折线图','2022-03-19 10:33:30','华东交通大学党建办公室','0:0:0:0:0:0:0:1'),(1564,'杨子贤','查看','查看学院党员人数分布','2022-03-19 10:33:32','华东交通大学党建办公室','0:0:0:0:0:0:0:1'),(1565,'杨子贤','查看','查看学院新闻树状图','2022-03-19 10:33:33','华东交通大学党建办公室','0:0:0:0:0:0:0:1'),(1566,'杨子贤','查看','查看学院党员人数分布','2022-03-19 10:36:10','华东交通大学党建办公室','0:0:0:0:0:0:0:1'),(1567,'杨子贤','查看','查看学院新闻树状图','2022-03-19 10:36:41','华东交通大学党建办公室','0:0:0:0:0:0:0:1'),(1568,'杨子贤','查看','查看学院新闻树状图','2022-03-19 16:56:21','华东交通大学党建办公室','0:0:0:0:0:0:0:1'),(1569,'杨子贤','查看','查看学院党员人数分布','2022-03-19 16:56:25','华东交通大学党建办公室','0:0:0:0:0:0:0:1'),(1570,'杨子贤','查看','查看三会一课时长折线图','2022-03-19 16:56:27','华东交通大学党建办公室','0:0:0:0:0:0:0:1'),(1571,'杨子贤','查看','查看学院党员人数分布','2022-03-19 16:56:28','华东交通大学党建办公室','0:0:0:0:0:0:0:1'),(1572,'杨子贤','查看','查看学院新闻树状图','2022-03-19 16:56:30','华东交通大学党建办公室','0:0:0:0:0:0:0:1'),(1573,'杨子贤','查看','查看学院新闻树状图','2022-03-19 16:57:27','华东交通大学党建办公室','0:0:0:0:0:0:0:1'),(1574,'杨子贤','查看','查看学院新闻树状图','2022-03-19 16:58:02','华东交通大学党建办公室','0:0:0:0:0:0:0:1'),(1575,'杨子贤','查看','查看学院新闻树状图','2022-03-19 16:58:13','华东交通大学党建办公室','0:0:0:0:0:0:0:1'),(1576,'杨子贤','查看','查看学院新闻树状图','2022-03-19 17:03:17','华东交通大学党建办公室','0:0:0:0:0:0:0:1'),(1577,'杨子贤','查看','查看学院新闻树状图','2022-03-19 17:04:03','华东交通大学党建办公室','0:0:0:0:0:0:0:1'),(1578,'杨子贤','查看','查看学院新闻树状图','2022-03-19 17:04:25','华东交通大学党建办公室','127.0.0.1'),(1579,'杨子贤','查看','查看学院新闻树状图','2022-03-19 17:08:51','华东交通大学党建办公室','0:0:0:0:0:0:0:1'),(1580,'杨子贤','查看','查看学院新闻树状图','2022-03-19 17:09:08','华东交通大学党建办公室','0:0:0:0:0:0:0:1'),(1581,'杨子贤','查看','查看学院新闻树状图','2022-03-19 17:09:31','华东交通大学党建办公室','0:0:0:0:0:0:0:1'),(1582,'杨子贤','查看','查看学院新闻树状图','2022-03-19 17:11:32','华东交通大学党建办公室','0:0:0:0:0:0:0:1'),(1583,'杨子贤','查看','查看学院新闻树状图','2022-03-19 17:12:04','华东交通大学党建办公室','0:0:0:0:0:0:0:1'),(1584,'杨子贤','查看','查看学院新闻树状图','2022-03-19 17:16:10','华东交通大学党建办公室','0:0:0:0:0:0:0:1'),(1585,'杨子贤','查看','查看学院党员人数分布','2022-03-19 17:16:41','华东交通大学党建办公室','0:0:0:0:0:0:0:1'),(1586,'杨子贤','查看','查看学院新闻树状图','2022-03-19 17:16:43','华东交通大学党建办公室','0:0:0:0:0:0:0:1'),(1587,'杨子贤','查看','查看学院新闻树状图','2022-03-19 17:17:37','华东交通大学党建办公室','0:0:0:0:0:0:0:1'),(1588,'杨子贤','查看','查看学院新闻树状图','2022-03-19 17:19:01','华东交通大学党建办公室','0:0:0:0:0:0:0:1'),(1589,'杨子贤','查看','查看学院新闻树状图','2022-03-19 17:19:41','华东交通大学党建办公室','0:0:0:0:0:0:0:1'),(1590,'杨子贤','查看','查看学院党员人数分布','2022-03-19 17:19:46','华东交通大学党建办公室','0:0:0:0:0:0:0:1'),(1591,'杨子贤','查看','查看三会一课时长折线图','2022-03-19 17:19:51','华东交通大学党建办公室','0:0:0:0:0:0:0:1'),(1592,'杨子贤','查看','查看学院新闻树状图','2022-03-19 17:19:54','华东交通大学党建办公室','0:0:0:0:0:0:0:1'),(1593,'杨子贤','查看','查看学院党员人数分布','2022-03-19 17:19:56','华东交通大学党建办公室','0:0:0:0:0:0:0:1'),(1594,'杨子贤','查看','查看学院新闻树状图','2022-03-19 17:21:06','华东交通大学党建办公室','0:0:0:0:0:0:0:1'),(1595,'杨子贤','查看','查看三会一课时长折线图','2022-03-19 17:21:07','华东交通大学党建办公室','0:0:0:0:0:0:0:1'),(1596,'杨子贤','查看','查看学院新闻树状图','2022-03-19 17:21:09','华东交通大学党建办公室','0:0:0:0:0:0:0:1'),(1597,'杨子贤','查看','查看学院党员人数分布','2022-03-19 17:25:19','华东交通大学党建办公室','0:0:0:0:0:0:0:1'),(1598,'杨子贤','查看','查看学院新闻树状图','2022-03-19 17:44:06','校党建办公室','0:0:0:0:0:0:0:1'),(1599,'杨子贤','查看','查看学院新闻树状图','2022-03-19 17:46:13','校党建办公室','0:0:0:0:0:0:0:1'),(1600,'杨子贤','查看','查看学院新闻树状图','2022-03-19 17:46:51','校党建办公室','0:0:0:0:0:0:0:1'),(1601,'杨子贤','查看','查看学院新闻树状图','2022-03-19 17:47:50','校党建办公室','0:0:0:0:0:0:0:1'),(1602,'杨子贤','查看','查看学院新闻树状图','2022-03-19 17:49:00','校党建办公室','0:0:0:0:0:0:0:1'),(1603,'杨子贤','查看','查看学院新闻树状图','2022-03-19 17:50:55','校党建办公室','0:0:0:0:0:0:0:1'),(1604,'杨子贤','查看','查看学院新闻树状图','2022-03-19 17:51:29','校党建办公室','0:0:0:0:0:0:0:1'),(1605,'杨子贤','查看','查看学院新闻树状图','2022-03-19 17:52:55','校党建办公室','0:0:0:0:0:0:0:1'),(1606,'杨子贤','查看','查看学院党员人数分布','2022-03-19 17:53:25','校党建办公室','0:0:0:0:0:0:0:1'),(1607,'杨子贤','查看','查看学院新闻树状图','2022-03-19 17:53:26','校党建办公室','0:0:0:0:0:0:0:1'),(1608,'杨子贤','查看','查看学院新闻树状图','2022-03-19 17:54:46','校党建办公室','0:0:0:0:0:0:0:1'),(1609,'杨子贤','查看','查看学院新闻树状图','2022-03-19 17:55:48','校党建办公室','0:0:0:0:0:0:0:1'),(1610,'杨子贤','查看','查看学院新闻树状图','2022-03-19 17:55:59','校党建办公室','0:0:0:0:0:0:0:1'),(1611,'杨子贤','查看','查看学院新闻树状图','2022-03-19 18:00:59','校党建办公室','0:0:0:0:0:0:0:1'),(1612,'杨子贤','查看','查看学院新闻树状图','2022-03-19 18:01:26','校党建办公室','0:0:0:0:0:0:0:1'),(1613,'杨子贤','查看','查看学院党员人数分布','2022-03-19 18:01:46','校党建办公室','0:0:0:0:0:0:0:1'),(1614,'杨子贤','查看','查看学院新闻树状图','2022-03-19 18:01:49','校党建办公室','0:0:0:0:0:0:0:1'),(1615,'杨子贤','查看','查看学院党员人数分布','2022-03-19 18:01:50','校党建办公室','0:0:0:0:0:0:0:1'),(1616,'杨子贤','查看','查看学院新闻树状图','2022-03-19 18:01:52','校党建办公室','0:0:0:0:0:0:0:1'),(1617,'经济家','新增','发布新闻','2022-03-19 18:03:37','经管学院','0:0:0:0:0:0:0:1'),(1618,'经济家','查看','查看专业新闻树状图','2022-03-19 18:03:40','经管学院','0:0:0:0:0:0:0:1'),(1619,'经济家','新增','新增学院专业党支部','2022-03-19 18:04:07','经管学院','0:0:0:0:0:0:0:1'),(1620,'经济家','新增','新增学院专业党支部','2022-03-19 18:04:18','经管学院','0:0:0:0:0:0:0:1'),(1621,'经济家','新增','发布新闻','2022-03-19 18:04:49','经管学院','0:0:0:0:0:0:0:1'),(1622,'经济家','新增','发布新闻','2022-03-19 18:05:32','经管学院','0:0:0:0:0:0:0:1'),(1623,'经济家','新增','发布新闻','2022-03-19 18:06:23','经管学院','0:0:0:0:0:0:0:1'),(1624,'经济家','查看','查看专业新闻树状图','2022-03-19 18:06:25','经管学院','0:0:0:0:0:0:0:1'),(1625,'杨子贤','查看','查看学院新闻树状图','2022-03-19 18:06:38','校党建办公室','0:0:0:0:0:0:0:1'),(1626,'杨子贤','查看','查看学院新闻树状图','2022-03-19 18:08:46','校党建办公室','0:0:0:0:0:0:0:1'),(1627,'杨子贤','查看','查看学院新闻树状图','2022-03-19 18:09:44','校党建办公室','0:0:0:0:0:0:0:1'),(1628,'杨子贤','查看','查看学院新闻树状图','2022-03-19 18:10:09','校党建办公室','0:0:0:0:0:0:0:1'),(1629,'杨子贤','查看','查看学院新闻树状图','2022-03-19 18:10:56','校党建办公室','0:0:0:0:0:0:0:1'),(1630,'杨子贤','查看','查看学院新闻树状图','2022-03-19 20:06:20','校党建办公室','0:0:0:0:0:0:0:1'),(1631,'杨子贤','查看','查看学院党员人数分布','2022-03-19 20:06:26','校党建办公室','0:0:0:0:0:0:0:1'),(1632,'杨子贤','查看','查看三会一课时长折线图','2022-03-19 20:06:32','校党建办公室','0:0:0:0:0:0:0:1'),(1633,'杨子贤','查看','查看学院党员人数分布','2022-03-19 20:06:33','校党建办公室','0:0:0:0:0:0:0:1'),(1634,'杨子贤','查看','查看学院新闻树状图','2022-03-19 20:07:01','校党建办公室','0:0:0:0:0:0:0:1'),(1635,'杨子贤','查看','查看学院党员人数分布','2022-03-19 20:07:02','校党建办公室','127.0.0.1'),(1636,'杨子贤','查看','查看学院新闻树状图','2022-03-19 20:07:25','校党建办公室','127.0.0.1'),(1637,'杨子贤','查看','查看学院党员人数分布','2022-03-19 20:07:26','校党建办公室','0:0:0:0:0:0:0:1'),(1638,'杨子贤','查看','查看学院新闻树状图','2022-03-19 20:07:29','校党建办公室','0:0:0:0:0:0:0:1'),(1639,'杨子贤','查看','查看学院党员人数分布','2022-03-19 20:07:32','校党建办公室','0:0:0:0:0:0:0:1'),(1640,'杨子贤','查看','查看学院新闻树状图','2022-03-19 20:07:34','校党建办公室','0:0:0:0:0:0:0:1'),(1641,'杨子贤','查看','查看学院党员人数分布','2022-03-19 20:07:47','校党建办公室','127.0.0.1'),(1642,'杨子贤','查看','查看学院新闻树状图','2022-03-19 20:07:49','校党建办公室','0:0:0:0:0:0:0:1'),(1643,'杨子贤','查看','查看学院党员人数分布','2022-03-19 20:07:59','校党建办公室','0:0:0:0:0:0:0:1'),(1644,'杨子贤','查看','查看三会一课时长折线图','2022-03-19 20:08:04','校党建办公室','0:0:0:0:0:0:0:1'),(1645,'杨子贤','查看','查看学院党员人数分布','2022-03-19 20:08:40','校党建办公室','0:0:0:0:0:0:0:1'),(1646,'杨子贤','查看','查看学院新闻树状图','2022-03-19 20:08:44','校党建办公室','0:0:0:0:0:0:0:1'),(1647,'杨子贤','查看','查看学院党员人数分布','2022-03-19 20:09:34','校党建办公室','127.0.0.1'),(1648,'杨子贤','查看','查看学院新闻树状图','2022-03-19 20:13:57','校党建办公室','0:0:0:0:0:0:0:1'),(1649,'杨子贤','查看','查看学院新闻树状图','2022-03-19 20:14:45','校党建办公室','0:0:0:0:0:0:0:1'),(1650,'杨子贤','查看','查看学院新闻树状图','2022-03-19 20:14:47','校党建办公室','0:0:0:0:0:0:0:1'),(1651,'杨子贤','查看','查看学院党员人数分布','2022-03-19 20:14:48','校党建办公室','0:0:0:0:0:0:0:1'),(1652,'杨子贤','查看','查看三会一课时长折线图','2022-03-19 20:14:48','校党建办公室','0:0:0:0:0:0:0:1'),(1653,'杨子贤','查看','查看学院新闻树状图','2022-03-19 20:15:09','校党建办公室','0:0:0:0:0:0:0:1'),(1654,'杨子贤','查看','查看学院党员人数分布','2022-03-19 20:15:15','校党建办公室','0:0:0:0:0:0:0:1'),(1655,'杨子贤','查看','查看学院新闻瀑布图','2022-03-19 20:17:47','校党建办公室','127.0.0.1'),(1656,'杨子贤','查看','查看学院党员人数分布','2022-03-19 20:17:48','校党建办公室','0:0:0:0:0:0:0:1'),(1657,'杨子慧','查看','查看专业新闻树状图','2022-03-19 20:21:12','软件学院','0:0:0:0:0:0:0:1'),(1658,'杨子慧','查看','查看党员比例饼状图','2022-03-19 20:21:28','软件学院','0:0:0:0:0:0:0:1'),(1659,'杨子慧','查看','查看党员比例饼状图','2022-03-19 20:31:06','软件学院','0:0:0:0:0:0:0:1'),(1660,'杨子慧','查看','查看党员比例饼状图','2022-03-19 20:52:04','软件学院','0:0:0:0:0:0:0:1'),(1661,'杨子慧','查看','查看党员比例饼状图','2022-03-19 20:52:52','软件学院','0:0:0:0:0:0:0:1'),(1662,'杨子慧','查看','查看党员比例饼状图','2022-03-19 20:58:51','软件学院','0:0:0:0:0:0:0:1'),(1663,'杨子慧','查看','查看党员比例饼状图','2022-03-19 20:59:38','软件学院','0:0:0:0:0:0:0:1'),(1664,'杨子慧','查看','查看党员比例饼状图','2022-03-19 20:59:49','软件学院','0:0:0:0:0:0:0:1'),(1665,'杨子慧','查看','查看党员比例饼状图','2022-03-19 21:02:42','软件学院','0:0:0:0:0:0:0:1'),(1666,'杨子慧','查看','查看党员比例饼状图','2022-03-19 21:03:04','软件学院','0:0:0:0:0:0:0:1'),(1667,'杨子慧','查看','查看党员比例饼状图','2022-03-19 21:03:41','软件学院','0:0:0:0:0:0:0:1'),(1668,'杨子慧','查看','查看党员比例饼状图','2022-03-19 21:10:47','软件学院','0:0:0:0:0:0:0:1'),(1669,'杨子慧','查看','查看党员比例饼状图','2022-03-19 21:11:54','软件学院','0:0:0:0:0:0:0:1'),(1670,'杨子慧','查看','查看党员比例饼状图','2022-03-19 21:12:09','软件学院','0:0:0:0:0:0:0:1'),(1671,'杨子慧','查看','查看党员比例饼状图','2022-03-19 21:12:37','软件学院','0:0:0:0:0:0:0:1'),(1672,'杨子慧','查看','查看党员比例饼状图','2022-03-19 21:14:27','软件学院','0:0:0:0:0:0:0:1'),(1673,'杨子贤','搜索','搜索相关新闻评论','2022-03-19 21:18:14','校党建办公室','0:0:0:0:0:0:0:1'),(1674,'杨子贤','搜索','搜索相关新闻评论','2022-03-19 21:18:15','校党建办公室','0:0:0:0:0:0:0:1'),(1675,'杨子贤','搜索','搜索相关新闻评论','2022-03-19 21:18:16','校党建办公室','0:0:0:0:0:0:0:1'),(1676,'杨子贤','搜索','搜索相关新闻评论','2022-03-19 21:18:17','校党建办公室','0:0:0:0:0:0:0:1'),(1677,'杨子贤','查看','查看学院新闻瀑布图','2022-03-19 21:18:27','校党建办公室','0:0:0:0:0:0:0:1'),(1678,'杨子贤','查看','查看学院党员人数分布','2022-03-19 21:18:29','校党建办公室','0:0:0:0:0:0:0:1'),(1679,'杨子贤','查看','查看三会一课时长折线图','2022-03-19 21:18:34','校党建办公室','0:0:0:0:0:0:0:1'),(1680,'杨子贤','查看','查看学院新闻瀑布图','2022-03-19 21:18:37','校党建办公室','0:0:0:0:0:0:0:1'),(1681,'杨子贤','查看','查看学院党员人数分布','2022-03-19 21:18:47','校党建办公室','0:0:0:0:0:0:0:1'),(1682,'杨子贤','查看','查看三会一课时长折线图','2022-03-19 21:18:49','校党建办公室','0:0:0:0:0:0:0:1'),(1683,'杨子贤','查看','查看个人信息','2022-03-19 21:18:55','校党建办公室','0:0:0:0:0:0:0:1'),(1684,'杨子贤','查看','查看学院新闻瀑布图','2022-03-19 21:19:09','校党建办公室','0:0:0:0:0:0:0:1'),(1685,'杨子贤','查看','查看学院党员人数分布','2022-03-19 21:19:11','校党建办公室','0:0:0:0:0:0:0:1'),(1686,'杨子贤','查看','查看三会一课时长折线图','2022-03-19 21:19:13','校党建办公室','0:0:0:0:0:0:0:1'),(1687,'杨子慧','搜索','搜索相关会议','2022-03-19 21:21:51','软件学院','0:0:0:0:0:0:0:1'),(1688,'杨子贤','查看','查看学院新闻瀑布图','2022-03-20 09:51:34','校党建办公室','0:0:0:0:0:0:0:1'),(1689,'杨子贤','查看','查看学院党员人数分布','2022-03-20 09:51:36','校党建办公室','0:0:0:0:0:0:0:1'),(1690,'杨子贤','查看','查看学院新闻瀑布图','2022-03-20 09:51:39','校党建办公室','0:0:0:0:0:0:0:1'),(1691,'杨子贤','查看','查看三会一课时长折线图','2022-03-20 09:51:40','校党建办公室','0:0:0:0:0:0:0:1'),(1692,'杨子贤','查看','查看学院党员人数分布','2022-03-20 09:51:41','校党建办公室','0:0:0:0:0:0:0:1'),(1693,'杨子贤','查看','查看学院新闻瀑布图','2022-03-20 09:52:06','校党建办公室','0:0:0:0:0:0:0:1'),(1694,'杨子贤','查看','查看学院党员人数分布','2022-03-20 09:52:07','校党建办公室','0:0:0:0:0:0:0:1'),(1695,'杨子贤','查看','查看学院新闻瀑布图','2022-03-20 09:52:09','校党建办公室','0:0:0:0:0:0:0:1'),(1696,'杨子贤','查看','查看学院党员人数分布','2022-03-20 09:52:40','校党建办公室','0:0:0:0:0:0:0:1'),(1697,'杨子贤','查看','查看三会一课时长折线图','2022-03-20 09:54:51','校党建办公室','0:0:0:0:0:0:0:1'),(1698,'杨子慧','搜索','搜索相关会议','2022-03-20 09:55:28','软件学院','0:0:0:0:0:0:0:1'),(1699,'杨子慧','搜索','搜索相关会议','2022-03-20 09:55:31','软件学院','0:0:0:0:0:0:0:1'),(1700,'杨子慧','搜索','搜索相关会议','2022-03-20 09:55:32','软件学院','0:0:0:0:0:0:0:1'),(1701,'杨子慧','搜索','搜索相关会议','2022-03-20 09:55:33','软件学院','0:0:0:0:0:0:0:1'),(1702,'杨子慧','搜索','搜索相关会议','2022-03-20 10:02:47','软件学院','0:0:0:0:0:0:0:1'),(1703,'杨子慧','搜索','搜索相关会议','2022-03-20 10:02:49','软件学院','0:0:0:0:0:0:0:1'),(1704,'杨子贤','查看','查看学院新闻瀑布图','2022-03-20 10:07:41','校党建办公室','0:0:0:0:0:0:0:1'),(1705,'杨子贤','查看','查看学院党员人数分布','2022-03-20 10:07:42','校党建办公室','0:0:0:0:0:0:0:1'),(1706,'杨子贤','查看','查看学院新闻瀑布图','2022-03-20 10:07:44','校党建办公室','0:0:0:0:0:0:0:1'),(1707,'杨子贤','查看','查看三会一课时长折线图','2022-03-20 10:07:46','校党建办公室','0:0:0:0:0:0:0:1'),(1708,'杨子贤','查看','查看学院新闻瀑布图','2022-03-20 10:19:02','校党建办公室','0:0:0:0:0:0:0:1'),(1709,'杨子贤','查看','查看学院党员人数分布','2022-03-20 10:19:02','校党建办公室','0:0:0:0:0:0:0:1'),(1710,'杨子贤','查看','查看三会一课时长折线图','2022-03-20 10:19:03','校党建办公室','0:0:0:0:0:0:0:1'),(1711,'杨子贤','查看','查看三会一课时长折线图','2022-03-20 10:19:48','校党建办公室','0:0:0:0:0:0:0:1'),(1712,'杨子贤','查看','查看三会一课时长折线图','2022-03-20 10:20:47','校党建办公室','0:0:0:0:0:0:0:1'),(1713,'杨子贤','查看','查看三会一课时长折线图','2022-03-20 10:21:14','校党建办公室','0:0:0:0:0:0:0:1'),(1714,'杨子贤','查看','查看学院新闻瀑布图','2022-03-20 11:04:03','校党建办公室','0:0:0:0:0:0:0:1'),(1715,'杨子贤','查看','查看学院党员人数分布','2022-03-20 11:04:04','校党建办公室','0:0:0:0:0:0:0:1'),(1716,'杨子贤','查看','查看三会一课时长折线图','2022-03-20 11:04:05','校党建办公室','0:0:0:0:0:0:0:1'),(1717,'杨子贤','查看','查看学院新闻瀑布图','2022-03-20 11:04:41','校党建办公室','0:0:0:0:0:0:0:1'),(1718,'杨子贤','查看','查看三会一课时长折线图','2022-03-20 11:04:42','校党建办公室','0:0:0:0:0:0:0:1'),(1719,'杨子贤','查看','查看三会一课时长折线图','2022-03-20 11:10:01','校党建办公室','0:0:0:0:0:0:0:1'),(1720,'杨子贤','查看','查看三会一课时长折线图','2022-03-20 11:10:15','校党建办公室','0:0:0:0:0:0:0:1'),(1721,'杨子贤','查看','查看三会一课时长折线图','2022-03-20 11:11:11','校党建办公室','0:0:0:0:0:0:0:1'),(1722,'杨子贤','查看','查看三会一课时长折线图','2022-03-20 11:11:47','校党建办公室','0:0:0:0:0:0:0:1'),(1723,'杨子贤','查看','查看三会一课时长折线图','2022-03-20 11:13:14','校党建办公室','0:0:0:0:0:0:0:1'),(1724,'杨子贤','查看','查看学院党员人数分布','2022-03-20 11:13:28','校党建办公室','0:0:0:0:0:0:0:1'),(1725,'杨子贤','查看','查看三会一课时长折线图','2022-03-20 11:13:29','校党建办公室','0:0:0:0:0:0:0:1'),(1726,'杨子贤','查看','查看三会一课时长折线图','2022-03-20 11:17:26','校党建办公室','0:0:0:0:0:0:0:1'),(1727,'杨子贤','查看','查看三会一课时长折线图','2022-03-20 11:18:34','校党建办公室','0:0:0:0:0:0:0:1'),(1728,'杨子贤','查看','查看三会一课时长折线图','2022-03-20 11:18:46','校党建办公室','0:0:0:0:0:0:0:1'),(1729,'杨子贤','查看','查看三会一课时长折线图','2022-03-20 11:20:23','校党建办公室','0:0:0:0:0:0:0:1'),(1730,'杨子贤','查看','查看三会一课时长折线图','2022-03-20 11:20:58','校党建办公室','0:0:0:0:0:0:0:1'),(1731,'杨子贤','查看','查看三会一课时长折线图','2022-03-20 11:21:16','校党建办公室','0:0:0:0:0:0:0:1'),(1732,'杨子贤','查看','查看学院党员人数分布','2022-03-20 11:21:18','校党建办公室','0:0:0:0:0:0:0:1'),(1733,'杨子贤','查看','查看三会一课时长折线图','2022-03-20 11:21:21','校党建办公室','0:0:0:0:0:0:0:1'),(1734,'杨子贤','查看','查看学院党员人数分布','2022-03-20 11:24:21','校党建办公室','0:0:0:0:0:0:0:1'),(1735,'杨子贤','查看','查看三会一课时长折线图','2022-03-20 11:24:22','校党建办公室','0:0:0:0:0:0:0:1'),(1736,'杨子贤','查看','查看三会一课时长折线图','2022-03-20 11:26:23','校党建办公室','0:0:0:0:0:0:0:1'),(1737,'杨子贤','查看','查看学院党员人数分布','2022-03-20 11:26:30','校党建办公室','0:0:0:0:0:0:0:1'),(1738,'杨子贤','查看','查看三会一课时长折线图','2022-03-20 11:26:31','校党建办公室','0:0:0:0:0:0:0:1'),(1739,'杨子贤','查看','查看学院党员人数分布','2022-03-20 11:26:59','校党建办公室','0:0:0:0:0:0:0:1'),(1740,'杨子贤','查看','查看三会一课时长折线图','2022-03-20 11:27:00','校党建办公室','0:0:0:0:0:0:0:1'),(1741,'杨子贤','查看','查看三会一课时长折线图','2022-03-20 11:27:38','校党建办公室','0:0:0:0:0:0:0:1'),(1742,'杨子贤','查看','查看三会一课时长折线图','2022-03-20 11:27:57','校党建办公室','0:0:0:0:0:0:0:1'),(1743,'杨子贤','查看','查看三会一课时长折线图','2022-03-20 11:28:38','校党建办公室','0:0:0:0:0:0:0:1'),(1744,'杨子贤','查看','查看三会一课时长折线图','2022-03-20 11:28:56','校党建办公室','0:0:0:0:0:0:0:1'),(1745,'杨子贤','查看','查看三会一课时长折线图','2022-03-20 11:29:35','校党建办公室','0:0:0:0:0:0:0:1'),(1746,'杨子贤','查看','查看三会一课时长折线图','2022-03-20 11:32:53','校党建办公室','0:0:0:0:0:0:0:1'),(1747,'杨子贤','查看','查看学院党员人数分布','2022-03-20 11:33:01','校党建办公室','0:0:0:0:0:0:0:1'),(1748,'杨子贤','查看','查看三会一课时长折线图','2022-03-20 11:33:02','校党建办公室','0:0:0:0:0:0:0:1'),(1749,'杨子贤','查看','查看三会一课时长折线图','2022-03-20 11:33:12','校党建办公室','0:0:0:0:0:0:0:1'),(1750,'杨子贤','查看','查看三会一课时长折线图','2022-03-20 11:33:43','校党建办公室','0:0:0:0:0:0:0:1'),(1751,'杨子贤','查看','查看三会一课时长折线图','2022-03-20 11:34:30','校党建办公室','0:0:0:0:0:0:0:1'),(1752,'杨子贤','查看','查看三会一课时长折线图','2022-03-20 11:35:20','校党建办公室','0:0:0:0:0:0:0:1'),(1753,'杨子贤','查看','查看学院党员人数分布','2022-03-20 11:35:21','校党建办公室','0:0:0:0:0:0:0:1'),(1754,'杨子贤','查看','查看三会一课时长折线图','2022-03-20 11:35:22','校党建办公室','0:0:0:0:0:0:0:1'),(1755,'杨子贤','查看','查看三会一课时长折线图','2022-03-20 11:36:39','校党建办公室','0:0:0:0:0:0:0:1'),(1756,'杨子贤','查看','查看三会一课时长折线图','2022-03-20 11:39:17','校党建办公室','0:0:0:0:0:0:0:1'),(1757,'杨子贤','查看','查看三会一课时长折线图','2022-03-20 11:40:26','校党建办公室','0:0:0:0:0:0:0:1'),(1758,'杨子贤','查看','查看三会一课时长折线图','2022-03-20 11:40:27','校党建办公室','0:0:0:0:0:0:0:1'),(1759,'杨子贤','查看','查看学院新闻瀑布图','2022-03-20 11:40:53','校党建办公室','0:0:0:0:0:0:0:1'),(1760,'杨子贤','查看','查看三会一课时长折线图','2022-03-20 11:40:53','校党建办公室','0:0:0:0:0:0:0:1'),(1761,'杨子贤','查看','查看三会一课时长折线图','2022-03-20 11:41:11','校党建办公室','0:0:0:0:0:0:0:1'),(1762,'杨子贤','查看','查看三会一课时长折线图','2022-03-20 11:45:41','校党建办公室','0:0:0:0:0:0:0:1'),(1763,'杨子贤','查看','查看三会一课时长折线图','2022-03-20 11:50:23','校党建办公室','0:0:0:0:0:0:0:1'),(1764,'杨子贤','查看','查看三会一课时长折线图','2022-03-20 11:50:51','校党建办公室','0:0:0:0:0:0:0:1'),(1765,'杨子贤','查看','查看学院新闻瀑布图','2022-03-20 16:35:43','校党建办公室','127.0.0.1'),(1766,'杨子贤','查看','查看学院党员人数分布','2022-03-20 16:35:44','校党建办公室','127.0.0.1'),(1767,'杨子贤','查看','查看三会一课时长折线图','2022-03-20 16:35:47','校党建办公室','0:0:0:0:0:0:0:1'),(1768,'杨子贤','查看','查看三会一课时长折线图','2022-03-20 16:36:17','校党建办公室','127.0.0.1'),(1769,'杨子贤','查看','查看三会一课时长折线图','2022-03-20 16:36:39','校党建办公室','0:0:0:0:0:0:0:1'),(1770,'杨子贤','查看','查看三会一课时长折线图','2022-03-20 16:36:57','校党建办公室','127.0.0.1'),(1771,'杨子贤','查看','查看学院新闻瀑布图','2022-03-20 16:39:31','校党建办公室','0:0:0:0:0:0:0:1'),(1772,'杨子贤','查看','查看三会一课时长折线图','2022-03-20 16:39:32','校党建办公室','0:0:0:0:0:0:0:1'),(1773,'杨子贤','查看','查看三会一课时长折线图','2022-03-20 16:40:21','校党建办公室','0:0:0:0:0:0:0:1'),(1774,'杨子贤','查看','查看三会一课时长折线图','2022-03-20 16:40:27','校党建办公室','0:0:0:0:0:0:0:1'),(1775,'杨子贤','查看','查看学院党员人数分布','2022-03-20 16:40:32','校党建办公室','0:0:0:0:0:0:0:1'),(1776,'杨子贤','查看','查看三会一课时长折线图','2022-03-20 16:40:35','校党建办公室','0:0:0:0:0:0:0:1'),(1777,'杨子贤','查看','查看三会一课时长折线图','2022-03-20 16:40:44','校党建办公室','0:0:0:0:0:0:0:1'),(1778,'杨子贤','查看','查看学院新闻瀑布图','2022-03-20 16:40:48','校党建办公室','0:0:0:0:0:0:0:1'),(1779,'杨子贤','查看','查看三会一课时长折线图','2022-03-20 16:40:50','校党建办公室','0:0:0:0:0:0:0:1'),(1780,'杨子贤','查看','查看三会一课时长折线图','2022-03-20 16:41:47','校党建办公室','0:0:0:0:0:0:0:1'),(1781,'杨子贤','查看','查看三会一课时长折线图','2022-03-20 16:42:27','校党建办公室','0:0:0:0:0:0:0:1'),(1782,'杨子贤','查看','查看学院党员人数分布','2022-03-20 16:42:55','校党建办公室','0:0:0:0:0:0:0:1'),(1783,'杨子贤','查看','查看学院新闻瀑布图','2022-03-20 16:42:56','校党建办公室','0:0:0:0:0:0:0:1'),(1784,'杨子贤','查看','查看学院党员人数分布','2022-03-20 16:42:58','校党建办公室','0:0:0:0:0:0:0:1'),(1785,'杨子贤','查看','查看三会一课时长折线图','2022-03-20 16:42:59','校党建办公室','0:0:0:0:0:0:0:1'),(1786,'杨子贤','查看','查看学院新闻瀑布图','2022-03-20 16:44:18','校党建办公室','0:0:0:0:0:0:0:1'),(1787,'杨子贤','查看','查看学院党员人数分布','2022-03-20 16:44:20','校党建办公室','0:0:0:0:0:0:0:1'),(1788,'杨子贤','查看','查看学院新闻瀑布图','2022-03-20 16:44:21','校党建办公室','0:0:0:0:0:0:0:1'),(1789,'杨子贤','查看','查看学院新闻瀑布图','2022-03-20 16:48:18','校党建办公室','0:0:0:0:0:0:0:1'),(1790,'杨子贤','查看','查看学院党员人数分布','2022-03-20 16:48:26','校党建办公室','0:0:0:0:0:0:0:1'),(1791,'杨子贤','查看','查看三会一课时长折线图','2022-03-20 16:48:35','校党建办公室','0:0:0:0:0:0:0:1'),(1792,'杨子贤','查看','查看学院新闻瀑布图','2022-03-20 16:57:26','校党建办公室','0:0:0:0:0:0:0:1'),(1793,'杨子贤','查看','查看学院党员人数分布','2022-03-20 16:57:37','校党建办公室','0:0:0:0:0:0:0:1'),(1794,'杨子贤','查看','查看三会一课时长折线图','2022-03-20 16:57:47','校党建办公室','0:0:0:0:0:0:0:1'),(1795,'杨子贤','查看','查看个人信息','2022-03-20 16:58:34','校党建办公室','0:0:0:0:0:0:0:1'),(1796,'杨子慧','查看','查看专业新闻树状图','2022-03-20 16:59:32','软件学院','0:0:0:0:0:0:0:1'),(1797,'杨子慧','查看','查看党员比例饼状图','2022-03-20 17:00:00','软件学院','0:0:0:0:0:0:0:1'),(1798,'杨子慧','下载','下载支部党员信息','2022-03-20 17:00:14','软件学院','0:0:0:0:0:0:0:1'),(1799,'杨子慧','查看','查看信件','2022-03-20 17:01:40','软件学院','0:0:0:0:0:0:0:1'),(1800,'杨子慧','查看','查看个人信息','2022-03-20 17:03:59','软件学院','0:0:0:0:0:0:0:1'),(1801,'杨子贤','查看','查看学院新闻瀑布图','2022-03-20 17:16:19','校党建办公室','0:0:0:0:0:0:0:1'),(1802,'杨子贤','查看','查看学院党员人数分布','2022-03-20 17:18:35','校党建办公室','0:0:0:0:0:0:0:1'),(1803,'杨子贤','查看','查看三会一课时长折线图','2022-03-20 17:18:37','校党建办公室','0:0:0:0:0:0:0:1'),(1804,'杨子贤','查看','查看学院新闻瀑布图','2022-03-20 17:21:44','校党建办公室','0:0:0:0:0:0:0:1'),(1805,'杨子贤','查看','查看学院新闻瀑布图','2022-03-20 17:23:01','校党建办公室','0:0:0:0:0:0:0:1'),(1806,'杨子贤','查看','查看学院新闻瀑布图','2022-03-20 17:43:28','校党建办公室','0:0:0:0:0:0:0:1'),(1807,'杨子贤','查看','查看三会一课时长折线图','2022-03-20 17:43:29','校党建办公室','0:0:0:0:0:0:0:1'),(1808,'杨子贤','查看','查看学院新闻瀑布图','2022-03-20 17:43:30','校党建办公室','0:0:0:0:0:0:0:1'),(1809,'杨子贤','查看','查看学院党员人数分布','2022-03-20 17:43:32','校党建办公室','0:0:0:0:0:0:0:1'),(1810,'杨子贤','查看','查看三会一课时长折线图','2022-03-20 17:43:35','校党建办公室','0:0:0:0:0:0:0:1'),(1811,'杨子贤','查看','查看学院新闻瀑布图','2022-03-20 17:43:41','校党建办公室','0:0:0:0:0:0:0:1'),(1812,'杨子贤','查看','查看学院党员人数分布','2022-03-20 17:48:30','校党建办公室','0:0:0:0:0:0:0:1'),(1813,'杨子贤','查看','查看三会一课时长折线图','2022-03-20 17:48:31','校党建办公室','0:0:0:0:0:0:0:1'),(1814,'杨子贤','查看','查看学院新闻瀑布图','2022-03-20 17:52:34','校党建办公室','0:0:0:0:0:0:0:1'),(1815,'杨子贤','查看','查看学院新闻瀑布图','2022-03-20 17:52:53','校党建办公室','0:0:0:0:0:0:0:1'),(1816,'杨子贤','查看','查看学院党员人数分布','2022-03-20 17:54:21','校党建办公室','0:0:0:0:0:0:0:1'),(1817,'杨子贤','查看','查看学院新闻瀑布图','2022-03-20 17:54:23','校党建办公室','0:0:0:0:0:0:0:1'),(1818,'杨子贤','查看','查看学院党员人数分布','2022-03-20 17:58:49','校党建办公室','0:0:0:0:0:0:0:1'),(1819,'杨子贤','查看','查看学院新闻瀑布图','2022-03-20 17:58:53','校党建办公室','0:0:0:0:0:0:0:1'),(1820,'杨子贤','查看','查看学院党员人数分布','2022-03-20 17:58:59','校党建办公室','0:0:0:0:0:0:0:1'),(1821,'杨子贤','查看','查看学院新闻瀑布图','2022-03-20 21:20:19','校党建办公室','0:0:0:0:0:0:0:1'),(1822,'杨子贤','查看','查看任务完成分段图','2022-03-20 21:20:20','校党建办公室','0:0:0:0:0:0:0:1'),(1823,'杨子贤','查看','查看任务完成分段图','2022-03-20 21:21:15','校党建办公室','0:0:0:0:0:0:0:1'),(1824,'杨子贤','查看','查看三会一课时长折线图','2022-03-20 21:21:42','校党建办公室','0:0:0:0:0:0:0:1'),(1825,'杨子贤','查看','查看学院党员人数分布','2022-03-20 21:21:44','校党建办公室','0:0:0:0:0:0:0:1'),(1826,'杨子贤','查看','查看学院新闻瀑布图','2022-03-20 21:21:55','校党建办公室','0:0:0:0:0:0:0:1'),(1827,'杨子贤','查看','查看任务完成分段图','2022-03-20 21:21:58','校党建办公室','0:0:0:0:0:0:0:1'),(1828,'杨子贤','查看','查看任务完成分段图','2022-03-20 21:23:13','校党建办公室','0:0:0:0:0:0:0:1'),(1829,'杨子贤','查看','查看任务完成分段图','2022-03-20 21:23:55','校党建办公室','0:0:0:0:0:0:0:1'),(1830,'杨子贤','查看','查看任务完成分段图','2022-03-20 21:24:46','校党建办公室','0:0:0:0:0:0:0:1'),(1831,'杨子贤','查看','查看任务完成分段图','2022-03-20 21:25:01','校党建办公室','0:0:0:0:0:0:0:1'),(1832,'杨子贤','查看','查看任务完成分段图','2022-03-20 21:25:12','校党建办公室','0:0:0:0:0:0:0:1'),(1833,'杨子贤','查看','查看任务完成分段图','2022-03-20 21:25:52','校党建办公室','0:0:0:0:0:0:0:1'),(1834,'杨子贤','查看','查看任务完成分段图','2022-03-20 21:27:15','校党建办公室','0:0:0:0:0:0:0:1'),(1835,'杨子慧','查看','查看党员比例饼状图','2022-03-20 21:27:35','软件学院','0:0:0:0:0:0:0:1'),(1836,'杨子贤','查看','查看学院新闻瀑布图','2022-03-20 21:28:26','校党建办公室','0:0:0:0:0:0:0:1'),(1837,'杨子贤','查看','查看学院党员人数分布','2022-03-20 21:28:27','校党建办公室','0:0:0:0:0:0:0:1'),(1838,'杨子贤','查看','查看学院党员人数分布','2022-03-20 21:29:14','校党建办公室','0:0:0:0:0:0:0:1'),(1839,'杨子贤','查看','查看学院党员人数分布','2022-03-20 21:29:35','校党建办公室','0:0:0:0:0:0:0:1'),(1840,'杨子贤','查看','查看学院党员人数分布','2022-03-20 21:30:12','校党建办公室','0:0:0:0:0:0:0:1'),(1841,'杨子贤','查看','查看学院党员人数分布','2022-03-20 21:30:26','校党建办公室','0:0:0:0:0:0:0:1'),(1842,'杨子贤','查看','查看三会一课时长折线图','2022-03-20 21:30:31','校党建办公室','0:0:0:0:0:0:0:1'),(1843,'杨子贤','查看','查看任务完成分段图','2022-03-20 21:30:31','校党建办公室','0:0:0:0:0:0:0:1'),(1844,'杨子贤','查看','查看学院新闻瀑布图','2022-03-20 21:30:33','校党建办公室','0:0:0:0:0:0:0:1'),(1845,'杨子贤','查看','查看学院党员人数分布','2022-03-20 21:30:39','校党建办公室','0:0:0:0:0:0:0:1'),(1846,'杨子贤','查看','查看三会一课时长折线图','2022-03-20 21:30:40','校党建办公室','0:0:0:0:0:0:0:1'),(1847,'杨子贤','查看','查看任务完成分段图','2022-03-20 21:30:42','校党建办公室','0:0:0:0:0:0:0:1'),(1848,'杨子贤','查看','查看任务完成分段图','2022-03-20 21:31:36','校党建办公室','0:0:0:0:0:0:0:1'),(1849,'杨子贤','查看','查看学院党员人数分布','2022-03-20 21:31:54','校党建办公室','0:0:0:0:0:0:0:1'),(1850,'杨子贤','查看','查看任务完成分段图','2022-03-20 21:32:40','校党建办公室','0:0:0:0:0:0:0:1'),(1851,'杨子贤','查看','查看任务完成分段图','2022-03-20 21:33:13','校党建办公室','0:0:0:0:0:0:0:1'),(1852,'杨子贤','查看','查看任务完成分段图','2022-03-20 21:33:54','校党建办公室','0:0:0:0:0:0:0:1'),(1853,'杨子贤','查看','查看任务完成分段图','2022-03-20 21:34:43','校党建办公室','0:0:0:0:0:0:0:1'),(1854,'杨子贤','查看','查看任务完成分段图','2022-03-20 21:35:07','校党建办公室','0:0:0:0:0:0:0:1'),(1855,'杨子贤','查看','查看任务完成分段图','2022-03-20 21:35:35','校党建办公室','0:0:0:0:0:0:0:1'),(1856,'杨子贤','查看','查看任务完成分段图','2022-03-20 21:36:12','校党建办公室','0:0:0:0:0:0:0:1'),(1857,'杨子贤','查看','查看任务完成分段图','2022-03-20 21:38:50','校党建办公室','0:0:0:0:0:0:0:1'),(1858,'杨子贤','查看','查看任务完成分段图','2022-03-20 21:39:15','校党建办公室','0:0:0:0:0:0:0:1'),(1859,'杨子贤','查看','查看任务完成分段图','2022-03-20 21:39:44','校党建办公室','0:0:0:0:0:0:0:1'),(1860,'杨子贤','查看','查看任务完成分段图','2022-03-20 21:40:06','校党建办公室','0:0:0:0:0:0:0:1'),(1861,'杨子贤','查看','查看三会一课时长折线图','2022-03-20 21:40:12','校党建办公室','0:0:0:0:0:0:0:1'),(1862,'杨子贤','查看','查看学院党员人数分布','2022-03-20 21:40:13','校党建办公室','0:0:0:0:0:0:0:1'),(1863,'杨子贤','查看','查看学院新闻瀑布图','2022-03-20 21:40:15','校党建办公室','0:0:0:0:0:0:0:1'),(1864,'杨子贤','查看','查看学院党员人数分布','2022-03-20 21:40:18','校党建办公室','0:0:0:0:0:0:0:1'),(1865,'杨子贤','查看','查看三会一课时长折线图','2022-03-20 21:40:21','校党建办公室','0:0:0:0:0:0:0:1'),(1866,'杨子贤','查看','查看任务完成分段图','2022-03-20 21:40:21','校党建办公室','0:0:0:0:0:0:0:1'),(1867,'杨子贤','查看','查看三会一课时长折线图','2022-03-20 21:40:23','校党建办公室','0:0:0:0:0:0:0:1'),(1868,'杨子贤','查看','查看学院新闻瀑布图','2022-03-20 21:41:16','校党建办公室','127.0.0.1'),(1869,'杨子贤','查看','查看学院新闻瀑布图','2022-03-20 21:41:36','校党建办公室','0:0:0:0:0:0:0:1'),(1870,'杨子贤','查看','查看学院党员人数分布','2022-03-20 21:41:40','校党建办公室','127.0.0.1'),(1871,'杨子贤','查看','查看三会一课时长折线图','2022-03-20 21:41:45','校党建办公室','127.0.0.1'),(1872,'杨子贤','查看','查看任务完成分段图','2022-03-20 21:41:46','校党建办公室','0:0:0:0:0:0:0:1'),(1873,'杨子贤','查看','查看学院党员人数分布','2022-03-20 21:41:48','校党建办公室','0:0:0:0:0:0:0:1'),(1874,'杨子贤','查看','查看任务完成分段图','2022-03-20 21:41:50','校党建办公室','0:0:0:0:0:0:0:1'),(1875,'杨子贤','查看','查看任务完成分段图','2022-03-20 21:45:55','校党建办公室','0:0:0:0:0:0:0:1'),(1876,'杨子贤','查看','查看任务完成分段图','2022-03-20 21:48:46','校党建办公室','0:0:0:0:0:0:0:1'),(1877,'杨子贤','查看','查看任务完成分段图','2022-03-20 21:53:25','校党建办公室','0:0:0:0:0:0:0:1'),(1878,'杨子贤','查看','查看学院新闻瀑布图','2022-03-20 22:34:47','校党建办公室','0:0:0:0:0:0:0:1'),(1879,'杨子贤','查看','查看学院党员人数分布','2022-03-20 22:36:24','校党建办公室','0:0:0:0:0:0:0:1'),(1880,'杨子贤','查看','查看三会一课时长折线图','2022-03-20 22:36:47','校党建办公室','0:0:0:0:0:0:0:1'),(1881,'杨子贤','查看','查看任务完成分段图','2022-03-20 22:36:49','校党建办公室','0:0:0:0:0:0:0:1'),(1882,'杨子贤','查看','查看三会一课时长折线图','2022-03-20 22:37:35','校党建办公室','0:0:0:0:0:0:0:1'),(1883,'杨子贤','查看','查看学院新闻瀑布图','2022-03-20 22:41:58','校党建办公室','0:0:0:0:0:0:0:1'),(1884,'杨子慧','查看','查看专业新闻树状图','2022-03-20 22:42:13','软件学院','0:0:0:0:0:0:0:1'),(1885,'杨子慧','搜索','搜索支部文件','2022-03-20 22:42:24','软件学院','0:0:0:0:0:0:0:1'),(1886,'杨子慧','搜索','搜索支部文件','2022-03-20 22:42:25','软件学院','0:0:0:0:0:0:0:1'),(1887,'杨子贤','查看','查看学院新闻瀑布图','2022-03-21 09:46:32','校党建办公室','0:0:0:0:0:0:0:1'),(1888,'杨子贤','查看','查看学院党员人数分布','2022-03-21 09:46:34','校党建办公室','0:0:0:0:0:0:0:1'),(1889,'杨子贤','查看','查看三会一课时长折线图','2022-03-21 09:46:37','校党建办公室','0:0:0:0:0:0:0:1'),(1890,'杨子贤','查看','查看任务完成分段图','2022-03-21 09:46:39','校党建办公室','0:0:0:0:0:0:0:1'),(1891,'杨子贤','查看','查看三会一课时长折线图','2022-03-21 09:49:35','校党建办公室','0:0:0:0:0:0:0:1'),(1892,'杨子贤','查看','查看学院新闻瀑布图','2022-03-21 09:50:30','校党建办公室','0:0:0:0:0:0:0:1'),(1893,'杨子贤','查看','查看学院党员人数分布','2022-03-21 09:52:10','校党建办公室','0:0:0:0:0:0:0:1'),(1894,'杨子贤','查看','查看三会一课时长折线图','2022-03-21 09:52:12','校党建办公室','0:0:0:0:0:0:0:1'),(1895,'杨子贤','查看','查看任务完成分段图','2022-03-21 09:52:16','校党建办公室','0:0:0:0:0:0:0:1'),(1896,'杨子贤','查看','查看三会一课时长折线图','2022-03-21 09:52:28','校党建办公室','0:0:0:0:0:0:0:1'),(1897,'杨子贤','查看','查看学院党员人数分布','2022-03-21 09:52:45','校党建办公室','0:0:0:0:0:0:0:1'),(1898,'杨子贤','查看','查看学院新闻瀑布图','2022-03-21 10:03:00','校党建办公室','0:0:0:0:0:0:0:1'),(1899,'杨子贤','查看','查看学院党员人数分布','2022-03-21 10:03:10','校党建办公室','0:0:0:0:0:0:0:1'),(1900,'杨子贤','查看','查看三会一课时长折线图','2022-03-21 10:03:14','校党建办公室','0:0:0:0:0:0:0:1'),(1901,'杨子贤','查看','查看任务完成分段图','2022-03-21 10:03:18','校党建办公室','0:0:0:0:0:0:0:1'),(1902,'杨子贤','查看','查看学院新闻瀑布图','2022-03-21 10:03:22','校党建办公室','0:0:0:0:0:0:0:1'),(1903,'杨子贤','查看','查看学院新闻瀑布图','2022-03-21 10:11:24','校党建办公室','127.0.0.1'),(1904,'杨子贤','查看','查看学院党员人数分布','2022-03-21 10:11:26','校党建办公室','0:0:0:0:0:0:0:1'),(1905,'杨子贤','查看','查看三会一课时长折线图','2022-03-21 10:11:33','校党建办公室','0:0:0:0:0:0:0:1'),(1906,'杨子贤','查看','查看任务完成分段图','2022-03-21 10:11:35','校党建办公室','0:0:0:0:0:0:0:1'),(1907,'杨子贤','查看','查看学院党员人数分布','2022-03-21 10:11:38','校党建办公室','0:0:0:0:0:0:0:1'),(1908,'杨子贤','查看','查看学院新闻瀑布图','2022-03-21 10:17:16','校党建办公室','0:0:0:0:0:0:0:1'),(1909,'杨子贤','查看','查看学院党员人数分布','2022-03-21 10:17:20','校党建办公室','0:0:0:0:0:0:0:1'),(1910,'杨子贤','查看','查看三会一课时长折线图','2022-03-21 10:17:24','校党建办公室','0:0:0:0:0:0:0:1'),(1911,'杨子贤','查看','查看任务完成分段图','2022-03-21 10:17:30','校党建办公室','0:0:0:0:0:0:0:1'),(1912,'杨子贤','查看','查看三会一课时长折线图','2022-03-21 10:17:31','校党建办公室','0:0:0:0:0:0:0:1'),(1913,'杨子贤','查看','查看学院党员人数分布','2022-03-21 10:17:46','校党建办公室','0:0:0:0:0:0:0:1'),(1914,'杨子贤','查看','查看学院新闻瀑布图','2022-03-21 10:17:51','校党建办公室','0:0:0:0:0:0:0:1'),(1915,'杨子贤','查看','查看学院新闻瀑布图','2022-03-21 10:31:39','校党建办公室','0:0:0:0:0:0:0:1'),(1916,'杨子贤','查看','查看学院新闻瀑布图','2022-03-21 10:53:17','校党建办公室','127.0.0.1'),(1917,'杨子贤','查看','查看学院新闻瀑布图','2022-03-21 10:56:31','校党建办公室','0:0:0:0:0:0:0:1'),(1918,'杨子贤','查看','查看学院党员人数分布','2022-03-21 10:56:32','校党建办公室','0:0:0:0:0:0:0:1'),(1919,'杨子贤','查看','查看三会一课时长折线图','2022-03-21 10:56:34','校党建办公室','0:0:0:0:0:0:0:1'),(1920,'杨子贤','查看','查看任务完成分段图','2022-03-21 10:56:36','校党建办公室','0:0:0:0:0:0:0:1'),(1921,'杨子贤','查看','查看学院新闻瀑布图','2022-03-21 10:58:14','校党建办公室','0:0:0:0:0:0:0:1'),(1922,'杨子贤','查看','查看学院党员人数分布','2022-03-21 10:58:15','校党建办公室','0:0:0:0:0:0:0:1'),(1923,'杨子贤','查看','查看三会一课时长折线图','2022-03-21 10:58:16','校党建办公室','0:0:0:0:0:0:0:1'),(1924,'杨子贤','查看','查看任务完成分段图','2022-03-21 10:58:17','校党建办公室','0:0:0:0:0:0:0:1'),(1925,'杨子贤','查看','查看三会一课时长折线图','2022-03-21 10:59:48','校党建办公室','0:0:0:0:0:0:0:1'),(1926,'杨子贤','查看','查看学院党员人数分布','2022-03-21 10:59:48','校党建办公室','0:0:0:0:0:0:0:1'),(1927,'杨子贤','查看','查看学院新闻瀑布图','2022-03-21 10:59:53','校党建办公室','0:0:0:0:0:0:0:1'),(1928,'杨子贤','查看','查看学院党员人数分布','2022-03-21 10:59:55','校党建办公室','0:0:0:0:0:0:0:1'),(1929,'杨子贤','查看','查看学院新闻瀑布图','2022-03-21 10:59:56','校党建办公室','0:0:0:0:0:0:0:1'),(1930,'杨子贤','查看','查看任务完成分段图','2022-03-21 10:59:58','校党建办公室','0:0:0:0:0:0:0:1'),(1931,'杨子贤','查看','查看学院党员人数分布','2022-03-21 11:00:00','校党建办公室','0:0:0:0:0:0:0:1'),(1932,'杨子贤','查看','查看三会一课时长折线图','2022-03-21 11:03:25','校党建办公室','0:0:0:0:0:0:0:1'),(1933,'杨子贤','查看','查看学院党员人数分布','2022-03-21 11:03:51','校党建办公室','0:0:0:0:0:0:0:1'),(1934,'杨子贤','查看','查看三会一课时长折线图','2022-03-21 11:03:52','校党建办公室','0:0:0:0:0:0:0:1'),(1935,'杨子贤','查看','查看任务完成分段图','2022-03-21 11:04:06','校党建办公室','0:0:0:0:0:0:0:1'),(1936,'杨子贤','查看','查看学院新闻瀑布图','2022-03-21 11:08:49','校党建办公室','0:0:0:0:0:0:0:1'),(1937,'杨子贤','查看','查看学院党员人数分布','2022-03-21 11:17:47','校党建办公室','0:0:0:0:0:0:0:1'),(1938,'杨子贤','查看','查看学院新闻瀑布图','2022-03-21 11:17:47','校党建办公室','0:0:0:0:0:0:0:1'),(1939,'杨子贤','查看','查看学院党员人数分布','2022-03-21 11:23:32','校党建办公室','0:0:0:0:0:0:0:1'),(1940,'杨子贤','查看','查看学院新闻瀑布图','2022-03-21 11:25:40','校党建办公室','0:0:0:0:0:0:0:1'),(1941,'杨子贤','查看','查看学院党员人数分布','2022-03-21 11:25:55','校党建办公室','0:0:0:0:0:0:0:1'),(1942,'杨子贤','查看','查看三会一课时长折线图','2022-03-21 11:25:57','校党建办公室','0:0:0:0:0:0:0:1'),(1943,'杨子贤','查看','查看任务完成分段图','2022-03-21 11:26:46','校党建办公室','0:0:0:0:0:0:0:1'),(1944,'杨子贤','查看','查看学院新闻瀑布图','2022-03-21 11:30:57','校党建办公室','0:0:0:0:0:0:0:1'),(1945,'杨子贤','查看','查看学院新闻瀑布图','2022-03-22 17:44:11','校党建办公室','0:0:0:0:0:0:0:1'),(1946,'杨子贤','查看','查看学院新闻瀑布图','2022-03-22 17:46:50','校党建办公室','0:0:0:0:0:0:0:1'),(1947,'杨子贤','查看','查看学院新闻瀑布图','2022-03-22 18:00:22','校党建办公室','0:0:0:0:0:0:0:1'),(1948,'杨子贤','查看','查看学院新闻瀑布图','2022-03-22 18:01:41','校党建办公室','0:0:0:0:0:0:0:1'),(1949,'杨子贤','查看','查看学院新闻瀑布图','2022-03-23 10:04:15','校党建办公室','127.0.0.1'),(1950,'杨子贤','查看','查看学院党员人数分布','2022-03-23 10:04:16','校党建办公室','0:0:0:0:0:0:0:1'),(1951,'杨子贤','查看','查看三会一课时长折线图','2022-03-23 10:04:20','校党建办公室','0:0:0:0:0:0:0:1'),(1952,'杨子贤','查看','查看任务完成分段图','2022-03-23 10:04:21','校党建办公室','0:0:0:0:0:0:0:1'),(1953,'杨子贤','查看','查看学院党员人数分布','2022-03-23 10:04:24','校党建办公室','0:0:0:0:0:0:0:1'),(1954,'杨子慧','查看','查看党员比例饼状图','2022-03-23 10:04:53','软件学院','0:0:0:0:0:0:0:1'),(1955,'杨子贤','查看','查看学院新闻瀑布图','2022-03-23 10:16:55','校党建办公室','0:0:0:0:0:0:0:1'),(1956,'杨子贤','查看','查看学院新闻堆叠条形图','2022-03-23 16:20:48','校党建办公室','0:0:0:0:0:0:0:1'),(1957,'杨子慧','查看','查看党员比例饼状图','2022-03-23 21:16:04','软件学院','0:0:0:0:0:0:0:1'),(1958,'杨子贤','查看','查看学院新闻堆叠条形图','2022-03-24 11:08:14','校党建办公室','0:0:0:0:0:0:0:1'),(1959,'杨子贤','查看','查看学院党员柱状折线图','2022-03-24 11:08:15','校党建办公室','0:0:0:0:0:0:0:1'),(1960,'杨子慧','查看','查看党员比例饼状图','2022-03-24 16:25:02','软件学院','0:0:0:0:0:0:0:1'),(1961,'杨子贤','查看','查看学院新闻堆叠条形图','2022-03-24 16:47:27','校党建办公室','0:0:0:0:0:0:0:1'),(1962,'杨子贤','查看','查看个人信息','2022-03-24 16:48:31','校党建办公室','0:0:0:0:0:0:0:1'),(1963,'杨子贤','查看','查看个人信息','2022-03-24 16:48:57','校党建办公室','0:0:0:0:0:0:0:1'),(1964,'杨子贤','查看','查看学院新闻堆叠条形图','2022-03-24 16:50:01','校党建办公室','0:0:0:0:0:0:0:1'),(1965,'杨子贤','查看','查看学院新闻堆叠条形图','2022-03-24 16:51:15','校党建办公室','127.0.0.1'),(1966,'杨子贤','查看','查看学院党员柱状折线图','2022-03-24 16:51:27','校党建办公室','127.0.0.1'),(1967,'杨子贤','查看','查看三会一课时长折线图','2022-03-24 16:51:42','校党建办公室','127.0.0.1'),(1968,'杨子贤','查看','查看任务堆叠柱状图','2022-03-24 16:51:54','校党建办公室','127.0.0.1'),(1969,'杨子贤','查看','查看个人信息','2022-03-24 16:54:44','校党建办公室','127.0.0.1'),(1970,'杨子贤','查看','查看个人信息','2022-03-24 16:55:47','校党建办公室','0:0:0:0:0:0:0:1'),(1971,'杨子慧','搜索','搜索信件','2022-03-24 17:03:14','软件学院','0:0:0:0:0:0:0:1'),(1972,'杨子慧','搜索','搜索信件','2022-03-24 17:03:16','软件学院','0:0:0:0:0:0:0:1'),(1973,'杨子慧','查看','查看党员比例饼状图','2022-03-24 17:04:11','软件学院','0:0:0:0:0:0:0:1'),(1974,'杨子慧','查看','查看专业新闻树状图','2022-03-24 17:12:58','软件学院','0:0:0:0:0:0:0:1'),(1975,'杨子慧','修改','修改会议内容','2022-03-24 17:17:56','软件学院','0:0:0:0:0:0:0:1'),(1976,'杨子慧','修改','修改会议内容','2022-03-24 17:18:27','软件学院','0:0:0:0:0:0:0:1'),(1977,'yzx','查看','查看学院新闻堆叠条形图','2022-03-25 09:53:40','校党建办公室','0:0:0:0:0:0:0:1'),(1978,'yzx','查看','查看学院党员柱状折线图','2022-03-25 09:53:42','校党建办公室','0:0:0:0:0:0:0:1'),(1979,'yzx','查看','查看三会一课时长折线图','2022-03-25 09:53:57','校党建办公室','0:0:0:0:0:0:0:1'),(1980,'yzx','查看','查看任务堆叠柱状图','2022-03-25 09:53:58','校党建办公室','0:0:0:0:0:0:0:1'),(1981,'yzx','查看','查看学院党员柱状折线图','2022-03-25 09:54:00','校党建办公室','0:0:0:0:0:0:0:1'),(1982,'yzx','查看','查看学院新闻堆叠条形图','2022-03-25 10:51:06','校党建办公室','0:0:0:0:0:0:0:1'),(1983,'yzx','查看','查看学院党员柱状折线图','2022-03-25 10:51:07','校党建办公室','0:0:0:0:0:0:0:1'),(1984,'yzx','查看','查看学院新闻堆叠条形图','2022-03-25 16:31:41','校党建办公室','0:0:0:0:0:0:0:1'),(1985,'yzx','查看','查看学院新闻堆叠条形图','2022-03-25 16:31:54','校党建办公室','0:0:0:0:0:0:0:1'),(1986,'yzx','查看','查看学院党员柱状折线图','2022-03-25 16:31:56','校党建办公室','0:0:0:0:0:0:0:1'),(1987,'yzx','查看','查看三会一课时长折线图','2022-03-25 16:31:59','校党建办公室','0:0:0:0:0:0:0:1'),(1988,'yzx','查看','查看任务堆叠柱状图','2022-03-25 16:32:00','校党建办公室','0:0:0:0:0:0:0:1'),(1989,'yzx','查看','查看个人信息','2022-03-25 16:56:42','校党建办公室','0:0:0:0:0:0:0:1'),(1990,'yzx','查看','查看个人信息','2022-03-25 16:57:07','校党建办公室','0:0:0:0:0:0:0:1'),(1991,'yzx','查看','查看学院新闻堆叠条形图','2022-03-25 17:44:50','校党建办公室','0:0:0:0:0:0:0:1'),(1992,'yzx','查看','查看学院党员柱状折线图','2022-03-25 17:45:01','校党建办公室','0:0:0:0:0:0:0:1'),(1993,'yzx','查看','查看三会一课时长折线图','2022-03-25 17:45:09','校党建办公室','0:0:0:0:0:0:0:1'),(1994,'yzx','查看','查看任务堆叠柱状图','2022-03-25 17:45:20','校党建办公室','0:0:0:0:0:0:0:1'),(1995,'yzx','查看','查看个人信息','2022-03-25 17:47:28','校党建办公室','0:0:0:0:0:0:0:1'),(1996,'杨子慧','查看','查看专业新闻树状图','2022-03-25 17:48:49','软件学院','0:0:0:0:0:0:0:1'),(1997,'yzx','查看','查看学院新闻堆叠条形图','2022-03-26 10:33:26','校党建办公室','0:0:0:0:0:0:0:1'),(1998,'yzx','查看','查看学院党员柱状折线图','2022-03-26 10:33:27','校党建办公室','0:0:0:0:0:0:0:1'),(1999,'yzx','查看','查看任务堆叠柱状图','2022-03-26 10:33:32','校党建办公室','0:0:0:0:0:0:0:1'),(2000,'yzx','查看','查看三会一课时长折线图','2022-03-26 10:33:34','校党建办公室','0:0:0:0:0:0:0:1'),(2001,'yzx','查看','查看学院党员柱状折线图','2022-03-26 10:33:35','校党建办公室','0:0:0:0:0:0:0:1'),(2002,'yzx','查看','查看学院新闻堆叠条形图','2022-03-29 10:11:29','校党建办公室','0:0:0:0:0:0:0:1'),(2003,'yzx','查看','查看个人信息','2022-03-29 10:13:22','校党建办公室','0:0:0:0:0:0:0:1'),(2004,'yzx','查看','查看学院新闻堆叠条形图','2022-03-29 10:15:48','校党建办公室','0:0:0:0:0:0:0:1'),(2005,'yzx','查看','查看学院党员柱状折线图','2022-03-29 10:15:57','校党建办公室','0:0:0:0:0:0:0:1'),(2006,'yzx','查看','查看三会一课时长折线图','2022-03-29 10:16:16','校党建办公室','0:0:0:0:0:0:0:1'),(2007,'yzx','查看','查看任务堆叠柱状图','2022-03-29 10:16:24','校党建办公室','0:0:0:0:0:0:0:1'),(2008,'杨林','修改','修改任务','2022-03-29 10:17:49','土木学院','0:0:0:0:0:0:0:1'),(2009,'杨林','修改','修改任务','2022-03-29 10:18:06','土木学院','0:0:0:0:0:0:0:1'),(2010,'杨林','修改','修改任务','2022-03-29 10:19:50','土木学院','0:0:0:0:0:0:0:1'),(2011,'胡环宇','下载','下载任务附件','2022-03-29 10:22:30','机电学院','0:0:0:0:0:0:0:1'),(2012,'yzx','查看','查看个人信息','2022-03-29 10:35:27','校党建办公室','0:0:0:0:0:0:0:1'),(2013,'yzh','查看','查看专业新闻树状图','2022-03-29 10:43:40','软件学院','0:0:0:0:0:0:0:1'),(2014,'yzh','查看','查看党员比例饼状图','2022-03-29 10:44:54','软件学院','0:0:0:0:0:0:0:1'),(2015,'yzh','下载','下载支部党员信息','2022-03-29 10:45:10','软件学院','0:0:0:0:0:0:0:1'),(2016,'yzh','搜索','搜索相关会议发言','2022-03-29 10:54:35','软件学院','0:0:0:0:0:0:0:1'),(2017,'yzh','搜索','搜索相关会议发言','2022-03-29 10:54:36','软件学院','0:0:0:0:0:0:0:1'),(2018,'yzh','搜索','搜索相关会议发言','2022-03-29 10:54:37','软件学院','0:0:0:0:0:0:0:1'),(2019,'yzh','搜索','搜索相关会议发言','2022-03-29 10:54:41','软件学院','0:0:0:0:0:0:0:1'),(2020,'yzh','搜索','搜索信件','2022-03-29 10:55:57','软件学院','0:0:0:0:0:0:0:1'),(2021,'yzh','搜索','搜索信件','2022-03-29 10:56:05','软件学院','0:0:0:0:0:0:0:1'),(2022,'yzh','搜索','搜索信件','2022-03-29 10:56:23','软件学院','0:0:0:0:0:0:0:1'),(2023,'yzh','搜索','搜索信件','2022-03-29 10:56:25','软件学院','0:0:0:0:0:0:0:1'),(2024,'yzx','修改','修改任务','2022-03-29 11:01:48','校党建办公室','0:0:0:0:0:0:0:1'),(2025,'yzx','修改','修改任务','2022-03-29 11:02:06','校党建办公室','0:0:0:0:0:0:0:1'),(2026,'yzx','删除','删除任务附件','2022-03-29 11:03:08','校党建办公室','0:0:0:0:0:0:0:1'),(2027,'yzx','删除','删除任务附件','2022-03-29 11:03:35','校党建办公室','0:0:0:0:0:0:0:1'),(2028,'yzx','删除','删除任务附件','2022-03-29 11:03:40','校党建办公室','0:0:0:0:0:0:0:1'),(2029,'yzx','删除','删除任务附件','2022-03-29 11:03:45','校党建办公室','0:0:0:0:0:0:0:1'),(2030,'yzx','删除','删除任务附件','2022-03-29 11:03:48','校党建办公室','0:0:0:0:0:0:0:1'),(2031,'yzx','修改','修改任务','2022-03-29 11:05:01','校党建办公室','0:0:0:0:0:0:0:1'),(2032,'yzx','新增','任务完成情况汇报','2022-03-29 11:05:42','校党建办公室','0:0:0:0:0:0:0:1'),(2033,'yzh','删除','删除任务附件','2022-03-29 11:07:33','软件学院','0:0:0:0:0:0:0:1'),(2034,'yzh','新增','任务完成情况汇报','2022-03-29 11:08:14','软件学院','0:0:0:0:0:0:0:1'),(2035,'yzh','新增','任务完成情况汇报','2022-03-29 11:09:20','软件学院','0:0:0:0:0:0:0:1'),(2036,'yzh','修改','修改任务','2022-03-29 11:10:24','软件学院','0:0:0:0:0:0:0:1'),(2037,'yzh','新增','任务完成情况汇报','2022-03-29 11:11:03','软件学院','0:0:0:0:0:0:0:1'),(2038,'yzx','修改','修改任务','2022-03-29 11:13:24','校党建办公室','0:0:0:0:0:0:0:1'),(2039,'yzh','修改','修改会议内容','2022-03-29 11:25:38','软件学院','0:0:0:0:0:0:0:1'),(2040,'yzh','修改','修改会议内容','2022-03-29 11:25:55','软件学院','0:0:0:0:0:0:0:1'),(2041,'yzh','修改','修改会议内容','2022-03-29 11:26:25','软件学院','0:0:0:0:0:0:0:1'),(2042,'yzh','修改','修改会议内容','2022-03-29 11:27:07','软件学院','0:0:0:0:0:0:0:1'),(2043,'yzh','查看','查看个人信息','2022-03-30 10:54:11','软件学院','0:0:0:0:0:0:0:1'),(2044,'yzh','修改','修改个人信息','2022-03-30 10:54:21','软件学院','127.0.0.1'),(2045,'yzh','查看','查看个人信息','2022-03-30 10:54:25','软件学院','0:0:0:0:0:0:0:1'),(2046,'yzh','修改','修改个人信息','2022-03-30 10:54:36','软件学院','0:0:0:0:0:0:0:1'),(2047,'yzh','查看','查看个人信息','2022-03-30 10:54:51','软件学院','127.0.0.1'),(2048,'yzh','修改','修改个人信息','2022-03-30 10:54:59','软件学院','0:0:0:0:0:0:0:1'),(2049,'yzx','查看','查看学院新闻堆叠条形图','2022-04-08 10:23:38','校党建办公室','0:0:0:0:0:0:0:1'),(2050,'yzx','查看','查看学院新闻堆叠条形图','2022-04-08 10:23:41','校党建办公室','0:0:0:0:0:0:0:1'),(2051,'yzx','查看','查看学院党员柱状折线图','2022-04-08 10:23:43','校党建办公室','0:0:0:0:0:0:0:1'),(2052,'yzx','查看','查看三会一课时长折线图','2022-04-08 10:23:47','校党建办公室','0:0:0:0:0:0:0:1'),(2053,'yzx','查看','查看任务堆叠柱状图','2022-04-08 10:23:48','校党建办公室','0:0:0:0:0:0:0:1'),(2054,'yzx','查看','查看学院党员柱状折线图','2022-04-08 10:23:49','校党建办公室','0:0:0:0:0:0:0:1'),(2055,'yzh','查看','查看专业新闻树状图','2022-04-08 10:27:44','软件学院','0:0:0:0:0:0:0:1'),(2056,'yzh','查看','查看党员比例饼状图','2022-04-08 10:28:53','软件学院','0:0:0:0:0:0:0:1'),(2057,'yzx','查看','查看学院新闻堆叠条形图','2022-04-08 10:41:08','校党建办公室','0:0:0:0:0:0:0:1'),(2058,'yzx','搜索','搜索相关新闻评论','2022-04-20 11:18:18','校党建办公室','0:0:0:0:0:0:0:1'),(2059,'yzx','搜索','搜索相关新闻评论','2022-04-20 11:18:22','校党建办公室','0:0:0:0:0:0:0:1'),(2060,'yzx','搜索','搜索相关新闻评论','2022-04-20 11:18:23','校党建办公室','0:0:0:0:0:0:0:1'),(2061,'yzx','查看','查看学院新闻堆叠条形图','2022-04-20 11:18:44','校党建办公室','0:0:0:0:0:0:0:1'),(2062,'yzx','查看','查看学院党员柱状折线图','2022-04-20 11:18:46','校党建办公室','0:0:0:0:0:0:0:1'),(2063,'yzx','查看','查看三会一课时长折线图','2022-04-20 11:18:48','校党建办公室','0:0:0:0:0:0:0:1'),(2064,'yzx','查看','查看任务堆叠柱状图','2022-04-20 11:18:49','校党建办公室','0:0:0:0:0:0:0:1'),(2065,'yzx','查看','查看学院党员柱状折线图','2022-04-20 11:18:50','校党建办公室','0:0:0:0:0:0:0:1'),(2066,'yzx','搜索','搜索学院','2022-04-20 11:18:59','校党建办公室','0:0:0:0:0:0:0:1'),(2067,'yzx','搜索','搜索学院','2022-04-20 11:18:59','校党建办公室','0:0:0:0:0:0:0:1'),(2068,'yzx','新增','新增学院','2022-04-20 11:19:12','校党建办公室','0:0:0:0:0:0:0:1'),(2069,'yzx','查看','查看学院新闻堆叠条形图','2022-04-20 11:19:18','校党建办公室','0:0:0:0:0:0:0:1'),(2070,'yzx','搜索','搜索学院管理员','2022-04-20 11:19:41','校党建办公室','0:0:0:0:0:0:0:1'),(2071,'yzx','搜索','搜索学院管理员','2022-04-20 11:19:46','校党建办公室','0:0:0:0:0:0:0:1'),(2072,'yzx','搜索','搜索学院管理员','2022-04-20 11:19:48','校党建办公室','0:0:0:0:0:0:0:1'),(2073,'yzx','搜索','搜索学院管理员','2022-04-20 11:19:48','校党建办公室','0:0:0:0:0:0:0:1'),(2074,'yzx','搜索','搜索学院管理员','2022-04-20 11:19:50','校党建办公室','0:0:0:0:0:0:0:1'),(2075,'yzx','搜索','搜索学院管理员','2022-04-20 11:19:51','校党建办公室','0:0:0:0:0:0:0:1'),(2076,'yzx','下载','下载任务附件','2022-04-20 11:20:58','校党建办公室','0:0:0:0:0:0:0:1');
/*!40000 ALTER TABLE `t_logs` ENABLE KEYS */;
UNLOCK TABLES;

--
-- Table structure for table `t_mailboxs`
--

DROP TABLE IF EXISTS `t_mailboxs`;
/*!40101 SET @saved_cs_client     = @@character_set_client */;
/*!40101 SET character_set_client = utf8 */;
CREATE TABLE `t_mailboxs` (
  `id` int(11) NOT NULL AUTO_INCREMENT,
  `qtype` varchar(255) DEFAULT NULL COMMENT '投诉、举报、求助、咨询、建议、其他',
  `speaktime` datetime DEFAULT NULL,
  `question` longtext,
  `replaytime` datetime DEFAULT NULL,
  `adminname` varchar(255) DEFAULT NULL COMMENT '回复的管理员的姓名',
  `answer` longtext,
  `state` varchar(255) DEFAULT NULL COMMENT '展示给后台管理员的状态（未读、已读、已回复）',
  `college_id` int(11) DEFAULT NULL COMMENT '所属学院',
  `person_id` int(11) DEFAULT NULL COMMENT '发布者id',
  `personname` varchar(255) DEFAULT NULL COMMENT '发布者姓名',
  `questionintro` varchar(255) DEFAULT NULL COMMENT '问题的简介',
  `answerintro` varchar(255) DEFAULT NULL COMMENT '回复的简介',
  `title` varchar(255) DEFAULT NULL COMMENT '信件标题',
  `statetwo` varchar(255) DEFAULT NULL COMMENT '展示给前台的状态（未回复和已回复）',
  PRIMARY KEY (`id`)
) ENGINE=InnoDB AUTO_INCREMENT=16 DEFAULT CHARSET=utf8;
/*!40101 SET character_set_client = @saved_cs_client */;

--
-- Dumping data for table `t_mailboxs`
--

LOCK TABLES `t_mailboxs` WRITE;
/*!40000 ALTER TABLE `t_mailboxs` DISABLE KEYS */;
INSERT INTO `t_mailboxs` VALUES (3,'咨询','2022-02-20 00:00:00','咨询的内容','2022-02-22 11:53:23','杨子慧','咨询回答','已回复',2,1,'联想','咨询的内容','咨询回答','咨询信件','已回复'),(4,'举报','2022-02-20 00:00:00','举报什么什么什么','2022-02-22 11:42:40','杨子慧','我们会处理这个问题','已回复',2,1,'联想','举报什么什么什么','我们会处理这个问题','举报信','已回复'),(8,'举报','2022-02-20 17:33:39','举报什么什么什么',NULL,NULL,NULL,'未读',12,25,'交通1','举报什么什么什么',NULL,'实名举报信','未回复'),(9,'求助','2022-02-22 00:00:00','求助的内容','2022-02-22 11:59:07','杨子慧','我们会帮助你的','已回复',2,1,'联想','求助的内容','我们会帮助你的','请帮助我','已回复'),(10,'建议','2022-02-22 12:06:46','建议学校什么什么什么',NULL,NULL,NULL,'已读',2,2,'王大爷','建议学校什么什么什么',NULL,'建议信','未回复'),(12,'求助','2022-02-22 15:40:29','请帮助我什么什么',NULL,NULL,NULL,'未读',2,2,'王大爷','请帮助我什么什么',NULL,'求助信','未回复'),(13,'求助','2022-02-22 15:40:43','请帮助我什么什么',NULL,NULL,NULL,'未读',2,2,'王大爷','请帮助我什么什么',NULL,'求助信','未回复'),(14,'求助','2022-02-22 15:40:53','请帮助我什么什么',NULL,NULL,NULL,'已读',2,2,'王大爷','请帮助我什么什么',NULL,'求助信','未回复'),(15,'投诉','2022-02-22 16:41:39','我要投诉什么什么',NULL,NULL,NULL,'已读',2,1,'联想','我要投诉什么什么',NULL,'投诉信','未回复');
/*!40000 ALTER TABLE `t_mailboxs` ENABLE KEYS */;
UNLOCK TABLES;

--
-- Table structure for table `t_majors`
--

DROP TABLE IF EXISTS `t_majors`;
/*!40101 SET @saved_cs_client     = @@character_set_client */;
/*!40101 SET character_set_client = utf8 */;
CREATE TABLE `t_majors` (
  `id` int(11) NOT NULL AUTO_INCREMENT,
  `name` varchar(255) DEFAULT NULL,
  `createpartytime` datetime DEFAULT NULL,
  `college_id` int(11) DEFAULT NULL,
  PRIMARY KEY (`id`),
  KEY `t_majors_ibfk_1` (`college_id`),
  CONSTRAINT `t_majors_ibfk_1` FOREIGN KEY (`college_id`) REFERENCES `t_colleges` (`id`) ON DELETE CASCADE ON UPDATE CASCADE
) ENGINE=InnoDB AUTO_INCREMENT=33 DEFAULT CHARSET=utf8;
/*!40101 SET character_set_client = @saved_cs_client */;

--
-- Dumping data for table `t_majors`
--

LOCK TABLES `t_majors` WRITE;
/*!40000 ALTER TABLE `t_majors` DISABLE KEYS */;
INSERT INTO `t_majors` VALUES (1,'软件学院第一党支部','2022-01-10 00:00:00',2),(2,'软件学院第二党支部','2022-01-10 00:00:00',2),(3,'软件学院第三党支部','2022-01-10 00:00:00',2),(5,'给排水','2022-01-10 15:55:01',3),(6,'表演和艺术','2022-01-10 15:55:20',5),(7,'软件学院第四党支部','2022-01-10 00:00:00',2),(8,'软件学院第五党支部','2022-01-10 00:00:00',2),(9,'软件学院道铁党支部','2022-01-10 00:00:00',2),(11,'软件学院轨道党支部','2022-01-10 00:00:00',2),(12,'土木工程','2022-01-14 00:00:00',3),(13,'建筑环境与能源应用工程','2022-01-14 00:00:00',3),(14,'道路桥梁与渡河工程','2022-01-09 00:00:00',3),(25,'电气自动化','2022-01-15 00:00:00',6),(26,'经济管理','2022-03-05 00:00:00',26),(27,'中国语言文学','2022-03-05 00:00:00',27),(28,'思想文化','2022-03-07 00:00:00',27),(29,'外国语言文学','2022-03-11 00:00:00',27),(30,'哲学','2022-03-02 00:00:00',27),(31,'管理系','2022-03-19 00:00:00',26),(32,'统计系','2022-03-19 00:00:00',26);
/*!40000 ALTER TABLE `t_majors` ENABLE KEYS */;
UNLOCK TABLES;

--
-- Table structure for table `t_meetings`
--

DROP TABLE IF EXISTS `t_meetings`;
/*!40101 SET @saved_cs_client     = @@character_set_client */;
/*!40101 SET character_set_client = utf8 */;
CREATE TABLE `t_meetings` (
  `id` int(11) NOT NULL AUTO_INCREMENT,
  `title` varchar(255) DEFAULT NULL,
  `mtype` varchar(255) DEFAULT NULL,
  `starttime` datetime DEFAULT NULL,
  `endtime` datetime DEFAULT NULL,
  `address` varchar(255) DEFAULT NULL,
  `nums` int(255) DEFAULT NULL,
  `content` longtext,
  `college_id` int(11) DEFAULT NULL,
  `admin_id` int(11) DEFAULT NULL,
  `duration` double DEFAULT NULL COMMENT '单场会议的持续时间，单位为小时',
  PRIMARY KEY (`id`),
  KEY `t_meetings_ibfk_1` (`college_id`),
  KEY `t_meetings_ibfk_2` (`admin_id`),
  CONSTRAINT `t_meetings_ibfk_1` FOREIGN KEY (`college_id`) REFERENCES `t_colleges` (`id`) ON DELETE CASCADE ON UPDATE CASCADE,
  CONSTRAINT `t_meetings_ibfk_2` FOREIGN KEY (`admin_id`) REFERENCES `t_admins` (`id`) ON DELETE CASCADE ON UPDATE CASCADE
) ENGINE=InnoDB AUTO_INCREMENT=31 DEFAULT CHARSET=utf8;
/*!40101 SET character_set_client = @saved_cs_client */;

--
-- Dumping data for table `t_meetings`
--

LOCK TABLES `t_meetings` WRITE;
/*!40000 ALTER TABLE `t_meetings` DISABLE KEYS */;
INSERT INTO `t_meetings` VALUES (1,'第一次党课','党课','2022-02-09 10:10:00','2022-02-09 10:40:00','32栋202教室',30,'- 奉献是中华民族的传统美德，更是共产党人的重要精神特质\r\n- 大力弘扬奉献精神是新时代的强烈呼唤，是完成党的历史使命的必然要求\r\n- 形成正气充盈、昂扬向上的社会风气，必须大力弘扬奉献精神',2,2,0.5),(2,'第二次会议','支部党员大会','2022-03-30 13:30:00','2022-03-30 15:50:00','32栋208教室',20,'- 奉献是中华民族的传统美德，更是共产党人的重要精神特质\r\n- 大力弘扬奉献精神是新时代的强烈呼唤，是完成党的历史使命的必然要求\r\n- 形成正气充盈、昂扬向上的社会风气，必须大力弘扬奉献精神',2,2,2.3),(3,'第三次会议','支部党员大会','2022-02-05 10:47:00','2022-02-09 11:50:00','软件学院一楼报告厅',60,'1. 传达学习党的路线、方针、政策和上级党组织的决议、指示，制定党支部贯彻落实的计划、措施。\r\n2. 定期听取、讨论支部委员会的工作报告，对支部委员会的工作进行审查和监督。\r\n3. 讨论发展新党员和接受预备党员转正，讨论决定对党员的表彰和处分。\r\n4. 选举支部委员会成员和出席上级党代会的代表。\r\n5. 讨论需由支部大会决定的其它重要事项。\r\n6. 会议形成的决议由支委会负责检查落实。',2,2,97),(4,'转正大会','其他会议','2022-02-09 10:52:00','2022-02-09 12:52:00','32栋210教室',25,'转正大会\r\n测试转正',2,2,2),(5,'讨论','党小组会','2022-02-09 10:53:00','2022-02-09 11:00:00','32栋202教室',30,'讨论',2,2,0.1),(8,'土木学院会议','支委会','2022-02-09 17:02:00','2022-02-12 19:02:00','31栋202A教室',20,'这个是土木学院的会议',3,3,74),(9,'第四次会议','支部党员大会','2022-02-10 17:05:00','2022-02-10 18:07:00','32栋202教室',30,'测试',2,2,1),(10,'第五次会议','支部党员大会','2022-03-29 08:10:00','2022-03-29 20:50:00','32栋202教室',30,'- 奉献是中华民族的传统美德，更是共产党人的重要精神特质\r\n- 大力弘扬奉献精神是新时代的强烈呼唤，是完成党的历史使命的必然要求\r\n- 形成正气充盈、昂扬向上的社会风气，必须大力弘扬奉献精神',2,2,12.7),(12,'第三次党课','党课','2022-03-09 10:56:00','2022-03-09 20:02:00','32栋202教室',24,'- 党课测试\r\n- 内容测试',2,2,9.1),(13,'第四次党课','党课','2022-02-05 10:56:00','2022-02-06 10:56:00','32栋202B教室',36,'- 内容',2,2,24),(14,'第五次党课','党课','2022-02-15 10:57:00','2022-02-16 10:57:00','32栋202教室',20,'- 奉献是中华民族的传统美德，更是共产党人的重要精神特质\r\n- 大力弘扬奉献精神是新时代的强烈呼唤，是完成党的历史使命的必然要求\r\n- 形成正气充盈、昂扬向上的社会风气，必须大力弘扬奉献精神',2,2,24),(17,'艺术学院会议','支委会','2022-02-15 10:24:00','2022-02-20 13:24:00','32栋202教室',30,'会议内容',5,4,123),(18,'机电学院会议','支委会','2022-01-09 10:25:00','2022-01-10 10:25:00','32栋202教室',20,'- 机电学院会议',6,5,24),(19,'党课测试','党课','2022-02-11 10:26:00','2022-02-13 10:26:00','32栋202教室',20,'党课',6,5,48),(20,'第二次党课','党课','2022-02-11 10:26:00','2022-02-15 10:26:00','32栋202教室',30,'- 第二次党课',6,5,96),(21,'会议','党小组会','2022-01-15 10:58:00','2022-01-18 11:58:00','32栋202教室',36,'- 会议',5,4,73),(24,'再一次党课','党课','2022-02-12 16:39:00','2022-02-13 16:39:00','32栋202教室',20,'填充数据',2,2,24),(25,'党员讨论','支部党员大会','2022-03-29 09:40:00','2022-03-29 23:30:00','32栋202教室',30,'## 一、会前准备\r\n1、会场布置（会场正面悬挂党旗）\r\n\r\n2、确定参会人员\r\n申请入党人、党支部全体党员、入党积极分子及律协党\r\n委领导（开会前确定一名监票人，一名计票人，一名记录员）；\r\n\r\n3、印制表决票。\r\n## 二、会议议程\r\n1、大会由党支部书记主持: \r\n宣布应到和实到的正式党员人数、缺席党员人数和原\r\n因，参加会议的正式党员超过应到人数半数，会议有效。\r\n\r\n2、全体起立，面向党旗，唱（奏）国际歌；\r\n\r\n3、申请入党人宣读《入党志愿书》；\r\n\r\n4、介绍人介绍申请入党人的情况；\r\n\r\n5、支部委员介绍申请入党人综合审查报告（包括提交\r\n入党申请书时间、思想汇报、政审、民意测评等情况）；\r\n\r\n6、到会党员发表意见；',2,2,13.8),(26,'支委会','支委会','2022-02-17 16:40:00','2022-02-18 16:41:00','32栋202教室',20,'支委会填充数据',2,2,24),(27,'会议','支委会','2022-03-07 10:30:00','2022-03-07 14:30:00','32栋202教室',30,'会议内容如下',26,24,4),(28,'会议二','党课','2022-03-07 10:30:00','2022-03-08 10:30:00','32栋202教室',36,'会议内容，我没想到',26,24,24),(29,'第二次党小组会','党小组会','2022-03-05 10:32:00','2022-03-07 10:32:00','32栋202教室',30,'会议内容',27,25,48),(30,'人文学院会议','支委会','2022-03-03 10:37:00','2022-03-06 10:37:00','32栋202教室',30,'会议内容',27,25,72);
/*!40000 ALTER TABLE `t_meetings` ENABLE KEYS */;
UNLOCK TABLES;

--
-- Table structure for table `t_myfiles`
--

DROP TABLE IF EXISTS `t_myfiles`;
/*!40101 SET @saved_cs_client     = @@character_set_client */;
/*!40101 SET character_set_client = utf8 */;
CREATE TABLE `t_myfiles` (
  `id` int(11) NOT NULL AUTO_INCREMENT,
  `uploadtime` datetime DEFAULT NULL COMMENT '上传文件时间',
  `title` varchar(255) DEFAULT NULL,
  `person_id` int(11) DEFAULT NULL,
  `college_id` int(11) DEFAULT NULL,
  `person_name` varchar(255) DEFAULT NULL,
  `major_id` int(11) DEFAULT NULL,
  PRIMARY KEY (`id`),
  KEY `t_myfiles_ibfk_1` (`person_id`),
  CONSTRAINT `t_myfiles_ibfk_1` FOREIGN KEY (`person_id`) REFERENCES `t_persons` (`id`) ON DELETE CASCADE ON UPDATE CASCADE
) ENGINE=InnoDB AUTO_INCREMENT=23 DEFAULT CHARSET=utf8;
/*!40101 SET character_set_client = @saved_cs_client */;

--
-- Dumping data for table `t_myfiles`
--

LOCK TABLES `t_myfiles` WRITE;
/*!40000 ALTER TABLE `t_myfiles` DISABLE KEYS */;
INSERT INTO `t_myfiles` VALUES (6,'2022-01-28 10:06:15','土木学院中海的文件.docx',19,3,'中海',13),(9,'2022-01-28 17:29:55','某某某的入党申请书.docx',1,2,'联想',2),(11,'2022-01-28 17:30:15','某某某的二月思想汇报.docx',1,2,'联想',2),(13,'2022-01-28 17:39:11','党史心得.docx',2,2,'王大爷',2),(14,'2022-01-28 17:40:10','转预大会文件.docx',4,2,'赵六',9),(15,'2022-01-28 17:40:22','转正大会文件.docx',4,2,'赵六',9),(17,'2022-02-18 11:57:34','2022届毕设任务书.doc',2,2,'王大爷',2),(19,'2022-02-18 12:03:36','软件学院2021届毕业设计模版.doc',1,2,'联想',2),(20,'2022-02-18 12:06:14','《综合课程设计3》课程设计任务书.doc',1,2,'联想',2),(21,'2022-03-12 17:22:49','招聘文件.docx',1,2,'联想',2),(22,'2022-03-29 11:30:33','自我批评.docx',1,2,'联想',2);
/*!40000 ALTER TABLE `t_myfiles` ENABLE KEYS */;
UNLOCK TABLES;

--
-- Table structure for table `t_news`
--

DROP TABLE IF EXISTS `t_news`;
/*!40101 SET @saved_cs_client     = @@character_set_client */;
/*!40101 SET character_set_client = utf8 */;
CREATE TABLE `t_news` (
  `id` int(11) NOT NULL AUTO_INCREMENT,
  `published` varchar(255) DEFAULT NULL COMMENT '草稿或者发布',
  `ntype` varchar(255) DEFAULT NULL COMMENT '原创或者转载',
  `title` varchar(255) DEFAULT NULL,
  `content` longtext,
  `introduce` varchar(255) DEFAULT NULL,
  `college_id` int(11) DEFAULT NULL,
  `major_id` int(11) DEFAULT NULL,
  `admin_id` int(11) DEFAULT NULL,
  `indexpicture` varchar(512) DEFAULT NULL,
  `updatetime` datetime DEFAULT NULL,
  `views` int(255) DEFAULT NULL COMMENT '文章的浏览次数',
  PRIMARY KEY (`id`),
  KEY `t_news_ibfk_1` (`college_id`),
  KEY `t_news_ibfk_2` (`major_id`),
  CONSTRAINT `t_news_ibfk_1` FOREIGN KEY (`college_id`) REFERENCES `t_colleges` (`id`) ON DELETE CASCADE ON UPDATE CASCADE,
  CONSTRAINT `t_news_ibfk_2` FOREIGN KEY (`major_id`) REFERENCES `t_majors` (`id`) ON DELETE CASCADE ON UPDATE CASCADE
) ENGINE=InnoDB AUTO_INCREMENT=44 DEFAULT CHARSET=utf8;
/*!40101 SET character_set_client = @saved_cs_client */;

--
-- Dumping data for table `t_news`
--

LOCK TABLES `t_news` WRITE;
/*!40000 ALTER TABLE `t_news` DISABLE KEYS */;
INSERT INTO `t_news` VALUES (1,'发布','原创','习近平在北京考察2022年冬奥会','## 考察2022年冬奥会\r\n新华社北京1月5日电中共中央总书记、国家主席、中央军委主席习近平近日在北京考察2022年冬奥会、冬残奥会筹办备赛工作时强调，办好北京冬奥会、冬残奥会，是我们向国际社会作出的庄严承诺。经过几年努力，各项筹备工作基本就绪，我们完全有信心、有能力为世界奉献一届精彩、非凡、卓越的奥运盛会。要坚定信心、振奋精神、再接再厉，全面落实简约、安全、精彩的办赛要求，抓紧抓好最后阶段各项赛事组织、赛会服务、指挥调度等准备工作，确保北京冬奥会、冬残奥会圆满成功。\r\n\r\n\r\n## 速滑\r\n4日上午，习近平首先来到国家速滑馆，结合大屏幕听取场馆设计理念、建设过程、运行情况介绍。国家速滑馆又称“冰丝带”，是北京赛区标志性场馆和唯一新建冰上竞赛场馆，拥有亚洲最大的全冰面设计，冬奥会赛时将承担大道速滑比赛任务。在主席台区，习近平仔细察看场馆内部布置及赛道，询问场馆赛时运行规划和赛事服务保障准备情况。习近平指出，要坚持绿色办奥、共享办奥、开放办奥、廉洁办奥的理念，突出科技、智慧、绿色、节俭特色。无论是新建场馆还是场馆改造，都要注重综合利用和低碳使用，集合体育赛事、群众健身、文化休闲、展览展示、社会公益等多种功能。“冰丝带”设计和建设很好贯彻了这样的理念。要在运营管理中融入更多中国元素，使之成为展示中国文化独特魅力的重要窗口，成为展示我国冰雪运动发展的亮丽名片。\r\n\r\n## 北京冬奥村(冬残奥村)\r\n随后，习近平考察了北京冬奥村（冬残奥村)。北京冬奥村（冬残奥村）分居住区、广场区、运行区3个区域，赛时将为各国运动员及随队官员提供3000多个床位及商业服务。在广场区，习近平听取冬奥村(冬残奥村）建设过程、运行概况、疫情防控等情况介绍，沿途察看书报亭和官方特许商品零售店等，了解各类商业服务设施运行情况。习近平指出，冬奥村是冬奥会的重要场所和重要遗产。你们统筹赛时需要和赛后利用，把冬奥村建设成为永久设施，赛后转化为人才公寓，这个做法很好，有利于丰富北京“双奥之城”的文化内涵。你们以四合院理念设计建设冬奥村，体现了北京千年古都既古老又现代的独特魅力.\r\n','考察2022年冬奥会新华社北京1月5日电中共中央总书记国家主席中央军委主席习近平近日在北京考察2022年冬奥会冬残奥会筹办备赛工作时强调，',1,NULL,1,'https://boot-img.xuexi.cn/image/1004/process/91741e5a163c438ebed5d04564bd6356.jpg','2022-01-19 10:59:28',4),(3,'发布','原创','柳和生为新生上“开学第一课”','10月19日下午，**校党委书记柳和生**为2021级新生上“开学第一课”。整堂思政课以“铁”字贯穿，用一个个故事串联，语言生动、事例详实，将华交铁人铁军的铁血铁质娓娓道来，有“料”会“聊”、既“活”又“火”，金句频出、发人深思，现场掌声不断、笑声不断。\r\n\r\n“华东交大是一家，作为学校的当家人，我会把学生当家人，把学子当成家里的孩子。相信同学们也能感受到学园就是家园。”一开场，柳和生就动情地说，一下子就拉近了台上台下的距离。\r\n\r\n“越努力越幸运”“坦然接受不能改变的，努力改变可以改变的”“学会调整，调整不是妥协，但也不能错把固执当执着，顽固不是顽强”……柳和生结合自身求学、工作经历，分享了自己的人生感悟。\r\n\r\n“华东交大最初为‘铁’成立、已经因‘铁’成名，还将以‘铁’成势。”柳和生通过讲述中国铁路史、华东交大发展史、华交精神群像、如何做新时代的铁人铁军，寄语同学们铁心跟党走、铁肩担使命、铁血报家国、铁手创大业。\r\n\r\n从当年的抗战铁路，到如今的现代高铁；从用鲜血铸就的“生命线”，到今天用科技创造的“幸福线”；从过去被人嘲笑的“万国产品展览”，到如今被世界学习的“中国智造、中国创造”……百年时代更迭，连接过去未来，变化的是进击的速度和创新的技术，不变的是中国人民自强不息、不断进取的精神。在这传承与创新之中，不仅记载了中国铁路的变迁史，更演绎出一部近代中华民族的伟大复兴史。\r\n\r\n\r\n学校的编年史，就是一部与交通行业共生共荣的发展史。姓“铁”是学校的出身、兴“铁”是学校的使命，“铁”是华东交大先天醒目的胎记和后天夺目的标记，更是让人刮目相看的印记。铁路是铁定要走的路，铁道是铁定要行的道。50年来，学校始终未易校名、未迁校址、更不改初心，始终坚守铁路情怀，矢志为祖国铁路事业培育铁人、打造铁军，彰显了华交人不忘铁路本色的铁血铁质。这次50周年校庆，我们用一场盛大隆重、恢弘庄重、喜味浓重，情谊厚重的大会，进一步彰显了我们铁人铁军的铁血特质，展示了50年以来我们以铁心和铁肩创造的非凡成就。\r\n\r\n\r\n中国结构力学研究的先驱、工程力学的奠基人、学校最早的一位教授杨耀乾，世界最大盾构机中国制造的领军人物谭顺辉校友，自主研发我国最快时速磁浮列车、“火车头精神”代表周清和校友，“全国最美奋斗者”单杏花校友，把中国铁路修到最远地方的张翠山校友，江西省首届金牌教授、教学最严格的刘二根教授……一个个精神群像，激励着一代代华交人将个人成才梦融入百年华交梦和中华民族伟大复兴中国梦，以铁血精神、铁人作风，担当兴铁使命，奋力铿锵前行。\r\n\r\n','10月19日下午，校党委书记柳和生为2021级新生上开学第一课。整堂思政课以铁字贯穿，用一个个故事串联，语言生动事例详实，将华交铁人铁军的',1,NULL,1,'http://xgc.ecjtu.edu.cn/__local/2/BB/8C/11C5FDCB335FEAD4864223337B1_51BFA831_1EE14.jpg','2022-01-19 10:59:31',13),(4,'发布','原创','习近平同吉尔吉斯斯坦总统互致贺电','新华社北京1月5日电 2022年1月5日，国家主席习近平同吉尔吉斯斯坦总统扎帕罗夫互致贺电，庆祝两国建交30周年。\r\n\r\n习近平指出，建交30年来，中吉两国始终秉持相互尊重、平等互利、合作共赢原则，推动两国关系取得跨越式发展，达到全面战略伙伴关系新高度，为国际社会构建新型国际关系树立典范。中吉关系发展不仅惠及两国和两国人民，也为促进中亚地区和平稳定作出贡献。\r\n\r\n习近平强调，我高度重视中吉关系发展，愿同扎帕罗夫总统保持密切联系，以两国建交30周年为新起点，提升两国战略互信，深化共建“一带一路”合作，推动中吉全面战略伙伴关系再上新台阶。\r\n\r\n扎帕罗夫表示，建交30年来，吉中成功建立全面战略伙伴关系，两国各领域合作取得举世瞩目的成就。中国政府为吉方有效应对新冠肺炎疫情及其影响提供重要支持。扎帕罗夫感谢习近平主席亲自关心吉中全面战略伙伴关系发展，表示愿同中方一道，进一步深化两国关系，全力巩固和扩大双边合作。','新华社北京1月5日电2022年1月5日，国家主席习近平同吉尔吉斯斯坦总统扎帕罗夫互致贺电，庆祝两国建交30周年。习近平指出，建交30年来，',1,NULL,1,'https://boot-img.xuexi.cn/image/1005/process/5f03403b47d44f81bc9721858ac0006b.jpg','2022-01-19 10:59:35',2),(5,'发布','原创','青年党员面对面活动-党员义务和责任，践行党员标准','## 党支部介绍\r\n华东交通大学软件学院学生第一党支部，长期坚持践行“两学一做”做合格党员。为进一步切实提升学生党员思想政治素养，积极践行发挥党员模范带头作用。 使学生党员在学思践悟中牢记初心使命，在细照笃行中不断修炼自我，在知行合一中主动担当作为！\r\n\r\n## 一、活动情况\r\n时间：2019年6月6日 中午12：30-13：30\r\n\r\n参与人员： 软件学院学生第一党支部全体学生党员及积极分子、各支部党员及积极分子代表\r\n\r\n主讲人：**张三**\r\n\r\n主讲主题：青年党员面对面活动-党员义务和责任，践行党员标准\r\n\r\n## 二、 青年党员面对面活动\r\n张三同志补充到：\r\n\r\n“工作意味着责任，每个人的工作都意味着一份沉甸甸的责任。大千世界，彼责任此责任比比皆是，大到人类的共同责任，国家、民族和社会的责任，小到一个组织、一个团体、一个单位的责任，甚至是家庭的责任和个人的责任。中国共产党更是把责任意识提升到了新的境界。\r\n\r\n全心全意为人民服务”，对人民负责，为人民服务，是我党责任观的最终落脚点。加强党员的责任感，是中国共产党对党员的基本要求：战争年代，党员责任是无数英雄烈士用鲜血和生命保家卫国；而和平年代，党员责任更多地体现为在工作、学习和社会生活中起先锋模范作用。\r\n\r\n','党支部介绍华东交通大学软件学院学生第一党支部，长期坚持践行两学一做做合格党员。为进一步切实提升学生党员思想政治素养，积极践行发挥党员模范带头作用。使学生党员在',2,1,2,'','2022-01-20 09:57:31',4),(6,'发布','原创','缅怀英烈功绩，传承红色基因','**10月3日**，为推动党史学习教育走深走实，引导广大学生自觉争当红色文化精神的学习者、传播者、实践者，机电与车辆工程学院组织在校学生赴方志敏烈士陵园深入开展“红色走读”活动，缅怀英烈功绩，传承红色基因。\r\n\r\n伴着朝阳，机电红色先锋队徒步前往方志敏烈士陵园。进入烈士陵园，全体成员瞻仰方志敏像并郑重重温入团誓词，感悟代代传承的革命精神，增强为共产主义奋斗的信念，坚定全心全意为人民服务的决心。\r\n\r\n![](http://xgc.ecjtu.edu.cn/__local/5/A1/A0/64C05A5788E291B5707A5C20C5A_39399B85_2B782.jpg?e=.jpg)\r\n\r\n在参天古树掩映的方志敏烈士墓前，机电红色先锋队进行鞠躬献花仪式并默哀一分钟，现场气氛庄严肃穆。\r\n\r\n大家沉浸式地回顾方志敏烈士的生平与功绩，深入学习以“爱国、清贫、创造、奉献”为主的“方志敏式”精神内涵。通过讲述方志敏烈士“两条半枪闹革命”“狱中写下著名散文”等故事，蔡元昊生动展现了革命烈士方志敏在困难面前不退缩的精神风貌，再次明确了革命精神的现实意义与时代价值，激起全体成员的崇敬英烈和爱党爱国之心。','10月3日，为推动党史学习教育走深走实，引导广大学生自觉争当红色文化精神的学习者传播者实践者，机电与车辆工程学院组织在校学生赴方志敏烈士陵',1,NULL,1,'http://xgc.ecjtu.edu.cn/__local/6/23/85/BEF489D170B3CFE58029EE15FF7_34798991_27DC7.jpg?e=.jpg','2022-01-19 10:59:38',7),(7,'发布','原创','“交花育心”辅导员沙龙','### 活动概况\r\n为加强我校辅导员队伍建设，提高辅导员队伍的业务能力、工作水平和职业素养。11月15日下午，2020年“最美高校辅导员”、第十届“全国高校辅导员年度人物”获得者，沈阳工业大学副教授，学生处副处长李青山老师应邀为我校辅导员作《高校辅导员谈心谈话的思路与方法》线上专题讲座。我校部分辅导员代表及学生工作部（处）相关教师线上、线下同步参加了此次活动。\r\n\r\n### 活动主题\r\n在本次讲座中，李青山老师以“高校辅导员谈心谈话的思路与方法”为主题，从各类辅导员大赛中作为参赛者和评委身份的经历出发，结合自身工作经验结合自身十余年的辅导员工作经验，总结了目前高校辅导员在谈心谈话工作中存在的普遍问题，并分享了八种常见的谈心谈话方法。他认为，谈心谈话分为一对多和一对一两种，方式不同，方法不同。但不管是哪一种方式的谈心谈话，都要以学生为主体，不断提升个人工作能力，走出一条科学化、专业化和职业化的道路。\r\n\r\n此外，作为2020年**“最美高校辅导员”**、第十届**“全国高校辅导员年度人物”**获得者，他还向大家讲述了自己的成长历程。李老师的分享风趣幽默、内涵丰富、深入浅出、干货满满，让在场的辅导员们受益良多。\r\n\r\n此次“交花育心”辅导员沙龙的成功举办，为辅导员搭建了学习交流平台，下一步，学校将以学习宣传贯彻落实党的十九届六中全会精神为契机，以辅导员专业化、职业化为目标，努力打造出一支专业水平高、学术素养厚、铁心跟党走、铁肩担使命的辅导员铁军。\r\n\r\n李青山，副教授 ，沈阳工业大学学生处副处长，国家二级心理咨询师，全球职业规划师，国际创业导师，辽宁省首期辅导员名师工作室主持人，辽宁省首期网络名师工作室主持人，“信仰行路人”思政工作团队发起人，学校思想政治理论课教师座谈会代表，教育部高校思政工作队伍培训研修中心兼职研究员，中国教育电视台《师说》栏目撰稿人，曾获最美高校辅导员，全国高校辅导员年度人物，辽宁省优秀教师等荣誉称号。\r\n\r\n','活动概况为加强我校辅导员队伍建设，提高辅导员队伍的业务能力工作水平和职业素养。11月15日下午，2020年最美高校辅导员第十届全国高校辅导',1,NULL,1,'http://xgc.ecjtu.edu.cn/__local/0/10/75/B950417CABE1B8A8414D82F1C1A_C4F8D277_DFF62.png?e=.png','2022-01-19 10:59:43',8),(8,'发布','原创','软件学院召开全体教职工大会','1月4日，我院召开了软件学院教职工大会。校党委委员、副校长**陈梦成同志**,、党委组织部副部长**魏永峰同志**、院党委书记**曹义亲**、院党委副书记**俞店生**、信息学院党委书记**蔡卫平**及学院全体教职工出席本次会议，会议由**肖美华院长**主持。\r\n\r\n会上，党委组织部副部长魏永峰同志宣布了校党委关于曹义亲同志、俞店生同志、蔡卫平同志的职务任免决定。随后曹义亲同志与俞店生同志分别进行表态发言，总结了任职以来的工作，并对软件学院的美好未来充满信心与期待。新任软件学院党委书记蔡卫平在会上感谢校党委多年来的关心和培养和组织的信任，对学校任命他担任软件学院党委书记表示感谢。\r\n\r\n\r\n校党委委员、副校长陈梦成同志对今后软件学院的工作提出了三点建议：一是要讲政治、顾大局、坚定理想信念，要增强“四个意识”、坚定“四个自信”、做到“两个维护”，讲究廉政纪律，要洁身自好，把党建与意识形态工作做好。二是干部要团结一致向前看，心往一处想、劲往一处使，形成合力，软件学院才会发展的快。三是希望领导班子能带领学院全体教职工同心协力一起前进，在学校党委的领导下，按照学校党委的部署决策来执行，规划好学院的事情。\r\n\r\n\r\n最后肖美华院长用“热烈欢迎、全力支持、密切配合、成就学院”16个字代表学院班子表态。并表示在今后工作中,软件学院将在校党委、校行政的正确领导下,与蔡书记一道带领全院师生,以“作示范、勇争先”的昂扬斗志,为加快建设“行业领先、区域一流、特色鲜明”的高水平交通大学做出更大的贡献!','1月4日，我院召开了软件学院教职工大会。校党委委员副校长陈梦成同志,党委组织部副部长魏永峰同志院党',2,1,2,'http://rj.ecjtu.edu.cn/__local/C/0F/0F/B693E12FD580654A484EB26DE72_4220DFFD_D0A31.png','2022-01-18 09:53:49',9),(9,'发布','原创','土木学院新闻','新闻','新闻',3,5,3,'https://boot-img.xuexi.cn/image/1005/process/82474af93ea748a69262d4b300332d6d.jpg','2022-01-18 09:47:22',23),(10,'发布','原创','习近平文汇·论中国共产党历史','## 习近平2021年1月11日在省部级主要领导干部学习贯彻党的十九届五中全会精神专题研讨班上的讲话\r\n\r\n   新民主主义革命时期，我们党经过艰辛探索，逐步认识到中国革命必须经过新民主主义革命这个历史阶段，在此基础上提出了中国革命的任务和战略策略，领导人民取得中国革命胜利。新中国成立之初，我们党深刻认识到，从新民主主义社会进入社会主义社会需要经历一个过渡阶段，由此形成了党在过渡时期的总路线，胜利完成了社会主义革命任务，进入了社会主义建设阶段。改革开放以后，我们党深刻总结世界社会主义特别是我国社会主义建设正反两方面经验，作出我国正处于并将长期处于社会主义初级阶段的重大判断，并据此提出了党的基本路线，开辟了改革开放和社会主义现代化建设的崭新局面。党的十八大以来，我们在前人长期奋斗的基础上统筹推进“五位一体”总体布局、协调推进“四个全面”战略布局，推动党和国家事业取得历史性成就、发生历史性变革，推动中国特色社会主义进入了新时代。\r\n\r\n---\r\n## 习近平2021年1月11日在省部级主要领导干部学习贯彻党的十九届五中全会精神专题研讨班上的讲话\r\n\r\n我们党在运用马克思主义基本原理解决中国实际问题的实践中逐步认识到，发展社会主义不仅是一个长期历史过程，而且是需要划分为不同历史阶段的过程。1959年底至1960年初，毛泽东同志在读苏联《政治经济学教科书》时就提出：“社会主义这个阶段，又可能分为两个阶段，第一个阶段是不发达的社会主义，第二个阶段是比较发达的社会主义。后一阶段可能比前一阶段需要更长的时间。”1987年，邓小平同志讲：“社会主义本身是共产主义的初级阶段，而我们中国又处在社会主义的初级阶段，就是不发达的阶段。一切都要从这个实际出发，根据这个实际来制订规划。”今天我们所处的新发展阶段，就是社会主义初级阶段中的一个阶段，同时是其中经过几十年积累、站到了新的起点上的一个阶段。\r\n\r\n','习近平2021年1月11日在省部级主要领导干部学习贯彻党的十九届五中全会精神专题研讨班上的讲话新民主主义革命时期，我们党经过艰辛探索，逐步认识到中国革命必须经',2,3,2,'https://boot-img.xuexi.cn/image/1005/process/82474af93ea748a69262d4b300332d6d.jpg','2022-01-20 11:03:37',2),(11,'发布','原创','2022-1-11软件学院转正大会','明天上午10点在31栋教室开转正大会，具体教室我会提前通知，支部内所有党员都要按时到场参加，要求佩戴**党徽**，18级党员不能到场参加线下会议的，到时候会开腾讯会议，线上参加会议，如果有特殊情况不能参加的，请私聊我说明原因，9点45会进行点名签到','明天上午10点在31栋教室开转正大会，具体教室我会提前通知，支部内所有党员都要按时到场参加，要求佩',2,8,2,'https://boot-img.xuexi.cn/image/1005/process/019c7dd6ce4d429d9706f835fc28800f.jpg','2022-01-18 09:54:02',1),(13,'发布','原创','大学土木工程系有哪些专业','## 土木类专业\r\n包括\r\n- 土木工程\r\n- 建筑环境与能源应用工程\r\n- 给排水科学与工程\r\n- 建筑电气与智能化\r\n- 城市地下空间工程\r\n- 道路桥梁与渡河工程。','土木类专业包括土木工程建筑环境与能源应用工程给排水科学与工程建筑电气与智能化城市地下空间工程道路桥',3,13,3,'https://pics0.baidu.com/feed/5d6034a85edf8db13b0f589ee9066051574e74d6.jpeg?token=8213c70633b75b84bccce683862053ea&s=BAAA7A23C4A8450340FCF5CA0000C0B1','2022-01-18 09:47:26',0),(17,'发布','原创','第七十二期孔目湖学术沙龙探索艺术新文科研究新思路','2021年10月18日下午，以**移动导航地图地标符号特征对搜索效果影响机制研究**为主题的沙龙在教17栋艺术学院二楼咖啡厅成功举办。**本次沙龙会的主讲嘉宾为湖北省动漫协会副秘书长，湖北省科技传播学会副秘书长，中国工业设计协会信息与交互设计专业委员会委员，湖北省文化产业库专家方浩教授。艺术学院刘烈辉副院长，艺术学院院教授委员会主任、教授杨建军作为特邀嘉宾出席活动**。艺术学院教师和研究生以及全校对该领域感兴趣的师生共40余人参加活动，艺术学院数字媒体艺术系主任夏海斌老师主持活动。\r\n方教授生动地阐述了符号作为移动地图传递信息的工具在交通管理、物流配送、导航以及作战指挥中都起着非常重要的作用。研究基于符号学理论将地图符号分为图像符号、指示符号与象征符号,采用眼动实验法探究三种类型符号对于地图搜索的影响机制，得出不同符号类型的有效性、搜索效率、注意资源分配以及性别差异的结果，并分析注记颜色差异对该效应的影响。\r\n\r\n![](http://xgc.ecjtu.edu.cn/__local/3/98/52/300309485C6F3F9DC85CB0E8E17_CF54AF06_98E64.png?e=.png)\r\n\r\n此次沙龙，方教授的讲座带给我们三个重要的思考。\r\n- 第一，在理工院校，艺术类科研成果难以和理工其他专业抗衡，处于学术边缘，方教授通过介绍了自己团队的研究成果，实证文科和理工科的交叉研究是破解难题的重要方法。\r\n- 第二，科研项目应该如何去做？从项目选题、研究方法、研究路线、实验过程、实验分析到实验结论，既要依托学校特色平台，更要掌握科学的研究方法。\r\n- 第三，研究团队的重要性。现在的研究是协作性研究，从教师团队到学生团队，团队的管理和协作是研究的重要保证。\r\n通过此次沙龙，给我们的学术研究开拓出新的视野，必定会提高我们的科研水平。活动最后，方教授与到场师生一起合影留言，沙龙会圆满结束。\r\n![](http://xgc.ecjtu.edu.cn/__local/0/B7/E2/43123C6F2A48C41773754C31C81_1587B141_A6EF6.png?e=.png)\r\n','2021年10月18日下午，以移动导航地图地标符号特征对搜索效果影响机制研究为主题的沙龙在教17栋艺术学院二楼咖啡厅成功举办。本次沙龙会的主讲嘉宾为湖北省动漫',1,NULL,1,'http://xgc.ecjtu.edu.cn/__local/1/87/05/C265CF331B85CA15E9AB702A870_BDD6DC2D_907E3.png?e=.png','2022-03-03 17:49:07',8),(18,'发布','原创','坚定理想信念，践行初心使命','9月23日下午，国际学院教工党支部在党员活动室开展党员固定活动。本次固定活动由支部书记甘为同志主持，活动环节紧密，内容充实，意义深刻。\r\n\r\n首先，面对鲜红的党旗，由**尚勇同志**作为领誓人，带领支部党员同志们庄严地举起右手，重温入党誓词：“我志愿加入中国共产党……随时准备为党和人民牺牲一切，永不叛党。”唤起同志们作为共产党人的初心和使命。\r\n![](http://xgc.ecjtu.edu.cn/__local/0/10/75/B950417CABE1B8A8414D82F1C1A_C4F8D277_DFF62.png?e=.png)\r\n\r\n然后，面对党旗和入党誓词，**甘为同志为尚勇同志、侯彦艳同志、尧瑶同志**送上精心准备的“政治生日”贺卡，希望党员同志时刻牢记党员身份，注重党性修养，增强党员意识，牢记入党誓词，践行党的宗旨，永葆共产党员的先进本色。\r\n\r\n![](http://xgc.ecjtu.edu.cn/__local/9/CA/C9/FAF21002035648F009E49E1EEEE_BF18C77B_D2793.png?e=.png)\r\n','9月23日下午，国际学院教工党支部在党员活动室开展党员固定活动。本次固定活动由支部书记甘为同志主持，活动环节紧密，内容充实，意义深刻。首先',1,NULL,1,'http://xgc.ecjtu.edu.cn/__local/5/3B/D3/894402717C021AC0B1B71DD2A30_148697BA_F1986.png?e=.png','2022-01-19 10:59:54',4),(19,'发布','原创','网安人人抓，“信”福千万家','随着网络科技的逐步发展，网络的应用逐渐普及，以网络为载体的犯罪行为也逐渐出现。网络安全的维护变的越来越重要，但对我们来说，提高网络安全意识更是重中之重。\r\n\r\n## 哪些属于网络安全？\r\n\r\n1. 假冒热点\r\n定义：手机上网有点贵，蹭网可省流量费。目前，家用无线宽带路由器非常普及。受无线信号传输距离限制，商业机构通常使用多个接入点提供区域信号覆盖。\r\n\r\n2. 勒索软件\r\n定义：勒索软件是通过锁定系统屏幕或锁定用户文件来阻止或限制用户正常使用计算机，并以此要挟用户支付赎金的一类恶意软件。勒索软件的吓人策略包括:锁定屏幕、删除备份文件、加速删除文件、提高赎金金额等。赎金形式包括: 真实货币、比特币以及其它虚拟货币。\r\n\r\n2. 电信诈骗\r\n定义：电信诈骗是指犯罪分子通过电话、短信或网络方式，编造虚假信息，设置骗局，对受害人实施远程、非接触式诈骗，诱使受害人给犯罪分子打款或转账的犯罪行为。\r\n\r\n## 防范措施\r\n\r\n- 凡是叫你汇款到“安全账户”的；\r\n- 凡是通知中奖要你纳税的；\r\n- 凡是通知领取补贴要你先交钱的；\r\n- 凡是通知“家属”出事先要汇款的；\r\n- 凡是在打电话中索要个人信息和银行卡信息的；\r\n- 凡是叫你开通网银接受检查的；\r\n- 凡是叫你宾馆开房接受调查的；\r\n- 凡是叫你登陆网站查看通缉令的；\r\n- 凡是自称“领导（老板）”要求汇款的；\r\n- 凡是陌生网站（链接）要登记银行卡信息的都是诈骗！\r\n\r\n\r\n\r\n\r\n\r\n','随着网络科技的逐步发展，网络的应用逐渐普及，以网络为载体的犯罪行为也逐渐出现。网络安全的维护变的越来越重要，但对我们来说，提高网络安全意识',1,NULL,1,'','2022-01-19 10:59:59',9),(20,'发布','原创','华交学子厚植爱国情怀，点燃别样国庆红','  今年，是中华人民共和国建国72周年。江西是一片充满红色记忆的土地，红色是江西最鲜亮的底色。国庆前后，华交学子们通过致敬革命先烈、开展红色走读、传唱爱国歌曲、组织专题宣讲等多种鲜活方式，度过了沉浸式的“国庆红”。\r\n\r\n开展红色走读，贯彻落实党史学习\r\n\r\n  喜迎盛世华诞，激荡爱国情怀。为庆祝中国共产党成立一百周年、中华人民共和国成立72周年，在国庆节来临之际，2021级“天佑学子”前往南昌八一起义纪念馆进行爱国活动周实践活动。\r\n  \r\n  \r\n  ![](http://xgc.ecjtu.edu.cn/__local/3/87/E2/FB2E0A1F11BCDA62DDCBC91B234_1B069528_E23C.jpg)\r\n\r\n  2021级“天佑学子”走进馆内，集中参观了展厅中“危难中奋起”“伟大的决策”“打响第一枪”“南征下广东”“转战井冈山”五个章节。参观结束后，2021级“天佑学子”在展厅外齐声合唱红色歌曲《我和我的祖国》，用饱满的热情、嘹亮的歌声唱响“天佑学子”敢于担当、砥砺前行的时代精神。','今年，是中华人民共和国建国72周年。江西是一片充满红色记忆的土地，红色是江西最鲜亮的底色。国庆前后，华交学子们通过致敬革命先烈开展红色走读',1,NULL,1,'http://xgc.ecjtu.edu.cn/__local/F/33/EC/94A5B13190FF988DAB8A6D2FF06_97FEA380_1420A.jpg','2022-01-19 11:00:10',11),(21,'发布','原创','我校开展“辅导员讲党史故事”系列活动！','   为推进**党史学习**教育走深走实，我校积极开展“辅导员讲党史故事”系列活动，7位来自不同辅导员工作室的辅导员们通过视频宣讲形式，从红色故事、红色旧址、红色诗词、校史、校歌、红色歌曲、红色家书等方面开展了以党史为重点的“四史”宣传教育，引导广大青年学生学史明理、学史增信、学史崇德、学史力行。\r\n   \r\n   ![](http://xgc.ecjtu.edu.cn/__local/9/F8/40/80848BB231543A7D1A3DB4D7C99_C53E6597_11E63.jpg)\r\n   \r\n   视频讲述发生在江西红土地的3个革命故事，再现了坚定的共产党人关于革命友情、革命信仰和革命爱情的流金岁月。1927年响彻云霄的一声枪响，中国共产党打出了属于自己的人民军队，党的两位重要领袖人物贺龙与周恩来同志也在此结下了深厚的革命友谊。南昌起义如春雷乍响，瓢泼大雨随后而至，人心溃散之时，朱德同志天心圩整军，其对中国革命未来道路的坚定信念点燃了每一位战士的信心，最终保存了革命的火种。战争年代，英豪儿女铁血亦有柔情，“共和国第一军嫂”陈发姑，为夫真情守望一百年，见证爱情的忠贞。','为推进党史学习教育走深走实，我校积极开展辅导员讲党史故事系列活动，7位来自不同辅导员工作室的辅导员们通过视频宣讲形式，从红色故事红色旧址红',1,NULL,1,'http://xgc.ecjtu.edu.cn/__local/D/43/4B/2F20CDAD1601B62EC2ADF2ADCD9_04F6B73E_C26A.jpg','2022-01-19 11:00:06',12),(22,'发布','原创','纪念詹天佑先生诞辰 | 賡续天佑血脉 凝聚新声力量','2021年4月26日，是我国近代科学技术先驱、中国首位铁路工程师，有“中国铁路之父”之称的詹天佑诞辰**160**周年。\r\n\r\n为表达对铁路先驱詹天佑缅怀，以及对京张铁路、京张高铁建设者的敬意，同时激发花椒学子凝聚力量、开拓创新、苦干实干，为共筑中华民族伟大复兴的中国梦贡献力量，**六十一名**花椒学子共同用“热血”快闪震撼演绎**《賡续天佑血脉 凝聚新声力量》**。\r\n\r\n詹天佑班学生分别在**天佑桥、盾构机处、轨道基地、火车头**，用激情澎湃的朗诵来纪念詹天佑先生。在詹天佑铜像前，由1名同学领誓，60名同学跟着宣誓，以嘹亮的声音与满腔的敬佩，**“1+60”**的形式纪念詹天佑先生诞辰**160**周年。','2021年4月26日，是我国近代科学技术先驱中国首位铁路工程师，有中国铁路之父之称的詹天佑诞辰160周年。为表达对铁路先驱詹天佑缅怀，以及',1,NULL,1,'http://xgc.ecjtu.edu.cn/__local/E/89/13/6A7A886AE6253440ED67904E63A_1922044E_C34C1.png','2022-01-19 11:00:15',21),(23,'发布','原创','出征，华交选调生！','根据**《江西省2021年从华东交通大学选调应届优秀大学毕业生公告》**要求，经学生自主报名、学院组织推荐、校级遴选、学校研究推荐、省委组织部资格复审、全省笔试统考等程序，我校20名优秀应届毕业生进入面试阶段。\r\n\r\n2020年11月至12月，学校对选调生候选人进行了全省统考前的集中培训教育，培训内容包括理论知识、笔试应答、面试礼仪及表达、应变技巧等。\r\n\r\n![](http://xgc.ecjtu.edu.cn/__local/1/82/3F/5A00B5157A05FED10DBA87163FD_F36CC72F_96C6E.png)\r\n\r\n2021年1月13日晚，我校2021年选调生面试考生座谈交流会于一站式服务中心202室召开，校党委副书记肖长春、学工处处长刘英杰、校团委书记李雪峰、学工处副处长肖凤莲出席座谈会。','根据江西省2021年从华东交通大学选调应届优秀大学毕业生公告要求，经学生自主报名学院组织推荐校级遴选学校研究推荐省委组织部资格复审全省笔试统考等程序，我校20',2,11,8,'http://xgc.ecjtu.edu.cn/__local/7/94/2E/30F63ADB1D275CE55055A254113_757769B3_8DB8A.png','2022-01-22 10:49:31',6),(24,'发布','原创','“喜迎建校50周年”学生原创作品展开展','9月16日上午，“喜迎建校50周年”学生原创作品展于北区大学生活动中心开展，校党委委员、纪委书记洪梅出席开展仪式，学工处主要负责同志，各学院党委副书记、学工办主任、辅导员及学生代表100余人参加活动。\r\n\r\n校党委委员、纪委书记洪梅为作品展揭幕，并指出：这是一场听史讲史、有形有色的视觉盛宴。入选的80余件参展作品均由我校学生原创；这是一次聚焦校庆、对标校庆的隆重献礼。校庆已经进入了3天倒计时，一幅幅浓缩着学校发展历史的照片、一行行记载着学校沧桑巨变的文字、一帧帧体现着学校精神风貌的画面，充分展现着“五十载栉风沐雨、半世纪风雨兼程”的厚重；这更是一堂知校兴校、爱校荣校的思政大课。1971年65位立志扎根红土地的“交大拓荒人”在马鞍山上白手起家，在孔目湖畔开基立业，经过50年的大踏步，学校已经成为了“一二三四特大高铁”的行业高校。\r\nhttp://xgc.ecjtu.edu.cn/__local/1/26/54/77D85C76A27462420BC18B177F9_6B15E349_131C0.jpg\r\n','9月16日上午，喜迎建校50周年学生原创作品展于北区大学生活动中心开展，校党委委员纪委书记洪梅出席',3,12,3,'http://xgc.ecjtu.edu.cn/__local/0/16/B2/96E1C35E9F25BF0DED9B2B7B20E_79DFD882_12128.jpg','2022-01-18 09:47:29',0),(25,'发布','原创','学习中国共产党第十九届中央委员会第六次全体会议精神','11月18日上午，软件学院党委理论学习中心组在教35栋406会议室举行了集中学习，学习贯彻中国共产党第十九届中央委员会第六次全体会议精神。院党委书记曹义亲主持会议，参加学习的人员有：**俞店生、肖美华、张利华、袁朝辉、余鹰、罗国亮、周会祥、李辉、熊基强**。\r\n\r\n首先，曹义亲传达了十九届六中全会会议精神：\r\n\r\n1. 全会听取和讨论了习近平受中央政治局委托作的工作报告，审议通过了《中共中央关于党的百年奋斗重大成就和历史经验的决议》、《关于召开党的第二十次全国代表大会的决议》。\r\n\r\n2. 全会充分肯定党的十九届五中全会以来中央政治局的工作。\r\n\r\n3. 全会认为，总结党的百年奋斗重大成就和历史经验，是开启全面建设社会主义现代化国家新征程、在新时代坚持和发展中国特色社会主义的需要。\r\n\r\n4. 全会提出，党和人民百年奋斗，书写了中华民族几千年历史上最恢宏的史诗。全会指出，党的百年奋斗具有“五个方面的历史意义。\r\n\r\n5. 全会提出，党领导人民进行伟大奋斗，积累了十个方面的宝贵历史经验。\r\n\r\n6. 全会提出，全党要牢记中国共产党是什么、要干什么这个根本问题。\r\n\r\n7. 全会强调，全党必须坚持全面贯彻习近平新时代中国特色社会主义思想。\r\n\r\n8. 全会强调，全党必须践行以人民为中心的发展思想，不断实现好、维护好、发展好最广大人民根本利益，团结带领全国各族人民不断为美好生活而奋斗。','11月18日上午，软件学院党委理论学习中心组在教35栋406会议室举行了集中学习，学习贯彻中国共产',2,9,2,'http://rj.ecjtu.edu.cn/__local/B/9F/91/4EB31B656ED5196A503DBA57426_773EB1ED_ADA1.jpg','2022-01-18 09:56:53',1),(26,'发布','原创','软件学院师生党员观看庆祝中国共产党成立100周年大会','7月1日上午8时，庆祝中国共产党成立100周年大会在北京天安门广场隆重举行，中共中央总书记、国家主席、中央军委主席习近平发表重要讲话。软件学院迅速行动、第一时间组织师生党员、入党积极分子集中观看大会直播，共祝党的华诞。\r\n\r\n软件学院党委副书记**俞店生**：今天与全国人民一道庆祝中国共产党成立100周年，心情无比激动！中国共产党领导中国人民实现中华民族从站起来富起来到强起来！我们的党从最初的50多名党员，到如今拥有9500多万党员，成为世界上第一大执政党，我为中国共产党的发展壮大而感到骄傲！伟大、光荣、正确的中国共产党万岁。\r\n\r\n软件学院教师**王晶晶**：“七一”已至，我们迎来中国共产党建党100周年。回首这百年的历程，我们党从血雨腥风中走来，从枪林弹雨中走来，面临了无数多的困难，经历了无数炮火的洗礼，一步一步从小到大，由弱变强，带领中华各族儿女从一个胜利走向另一个胜利，我们党不愧是民族之魂，国家之基。今天，我们处于一个非常重要的发展时期，同样也面临着世界百年未有之大变局。我们已走过千山万水，但仍需跋山涉水，放在全党全国各族人民面前的使命更光荣、任务更艰巨、工作更伟大。此时，我们要铭记历史，珍惜现在，更要以初心砥砺前行的精神，以使命鼓舞奋发的斗志，勇于战胜各种艰难险阻，带领我们走向新的胜利。','7月1日上午8时，庆祝中国共产党成立100周年大会在北京天安门广场隆重举行，中共中央总书记国家主席',2,11,2,'http://rj.ecjtu.edu.cn/__local/B/D4/F5/DDF0A416A472B390A0E9BE592D4_9EE34DE2_128AE.jpg','2022-01-18 09:59:16',2),(27,'发布','原创','爱“创”就敢“闯” | 软件学院创业火种体验营','为激发同学们创业的热情，引导同学们创新的脚步，培养大批的创新创业型人才，积极响应国家创业的号召，软件学院于12月2日下午四点，组织本院学生在创新创业中心开展了** “创业火种” **体验营活动，用玩的方式体验了一次从“0”到“1”的创新创业。本次活动由软件学院双创导师** 郭招男 **老师主持进行。\r\n\r\n活动过程中同学们踊跃参与，发散思维，提出了许多有意思的创业想法：校园兼职网、文明和谐公司、万源、赏金猎人、卷王培训中心。经过激烈的讨论，各组逐一上台进行了展示，介绍了创新理念、潜在用户、公司构成、公司宗旨等。介绍完毕后，老师对我们的项目给出了鼓励并给出了一点建议，其他同学也都提出了自己的看法。\r\n\r\n经此活动，同学们心中应该已悄然埋下了一颗创新创业的种子。创新、奋斗都会是其最好的养分，在未来，期待你们的这颗种子能长成参天大树，在各界大放异彩。\r\n\r\n\r\n\r\n','为激发同学们创业的热情，引导同学们创新的脚步，培养大批的创新创业型人才，积极响应国家创业的号召，软件学院于12月2日下午四点，组织本院学生在创新创业中心开展了',2,1,2,'','2022-01-20 09:50:13',6),(28,'发布','原创','软件学院召开党委理论学习中心组“改革开放时期党史”专题学习会','5月28日下午，软件学院在教35栋404会议室召开党委理论学习中心组党史专题学习会。会议由**院党委书记曹义亲**主持，学院党委委员、党政办主任、组织员参加会议。\r\n\r\n会议深入学习了 **《中国共产党简史》** 第七、八、九章中改革开放时期历史。**院党委委员、院长肖美华**表示我们要有敢于担当的精神，要继承和发扬改革创新和实事求是的精神，只要是有利于为人民谋幸福，为民族谋复兴的决策就是正确的。院党委理论学习中心组成员都结合工作实际情况畅谈了学习体会。\r\n\r\n曹义亲强调，习近平总书记在庆祝改革开放40周年大会上的讲话对改革开放做出了总结，改革开放是我们党的一次伟大觉醒，正是这个伟大觉醒孕育了我们党从理论到实践的伟大创造；改革开放是中国人民和中华民族发展史上一次伟大革命，正是这个伟大革命推动了中国特色社会主义事业的伟大飞跃。\r\n\r\n曹义亲指出，我们学习改革开放时期的党史，应更加深刻理解习近平总书记“实践发展永无止境，解放思想永无止境，改革开放也永无止境，停顿和倒退没有出路，改革开放只有进行时、没有完成时”这一论断的深刻含义。\r\n\r\n','5月28日下午，软件学院在教35栋404会议室召开党委理论学习中心组党史专题学习会。会议由院党委书记曹义亲主持，学院党委委员党政办主任组织员参加会议。会议深入',2,1,2,'http://rj.ecjtu.edu.cn/__local/7/00/D7/B527B75DF74B7EF25F81AF87CAF_BA11AB5C_1025C.jpg?e=.jpg','2022-01-22 10:33:39',22),(29,'发布','原创','软件学院党委理论学习中心组学习党的百年奋斗重大成就和历史经验','11月25日，软件学院党委理论学习中心组举行了集中学习，学习《中共中央关于党的百年奋斗重大成就和历史经验的决议》。**院党委书记曹义亲**主持会议，学院党委理论学习中心组全体成员参加学习。按照学校党委理论学习交叉旁听的安排，**继续教育学院党委副书记邱伟伟、组织员汤烨**列席旁听。\r\n\r\n曹义亲进行了领学，指出：党的百年奋斗经历了四个时期，实现了四个伟大飞跃，向世界发出了四个庄严宣告，实现了马克思主义中国化的三次飞跃，全面阐述了习近平新时代中国特色社会主义思想的丰富内涵**（十个明确）**，确立了习近平同志党中央的核心，全党的核心地位和习近平新时代中国特色社会主义思想的指导地位**（两个确立）**，科学总结了党的十八大以来党和国家事业取得的十三方面历史性成就、发生的历史性变革，系统概括了党百年奋斗的**五大历史意义，十大经验（十个坚持）**。\r\n\r\n![](http://rj.ecjtu.edu.cn/__local/6/75/8A/23E33860382A49EF71400A14B65_EDC26135_FD7A.jpg)\r\n','11月25日，软件学院党委理论学习中心组举行了集中学习，学习中共中央关于党的百年奋斗重大成就和历史经验的决议。院党委书记曹义亲主持会议，学院党委理论学习中心组',2,1,2,'http://rj.ecjtu.edu.cn/__local/4/87/42/11F6E38D59C3FDFEC582F2B3E5F_819E0E8A_10504.jpg','2022-01-20 09:53:46',2),(30,'发布','原创','软件学院召开2021年全面从严治党工作会议','5月20日下午，软件学院召开2021年全面从严治党工作会议，会议主要任务是全面贯彻党的十九大和十九届二中、三中、四中、五中全会以及十九届中央纪委五次全会精神，深入贯彻落实好习近平总书记在全国教育大会上的重要讲话精神，认真落实省委十四届十二次全会和十四届省纪委六次全会精神，总结我院2020年全面从严治党工作，研究部署2021年学院从严治党的重点任务。**院党委书记曹义亲**总结部署工作，**院党委委员、院长肖美华**主持会议。\r\n![](http://rj.ecjtu.edu.cn/__local/9/85/1A/FFEB1F3B8E5DE5E8C87F7920E81_4F113B4C_64C6.jpg)\r\n会议对做好2021年各项任务提出明确要求：严格落实主体责任。把全面从严治党工作放在突出位置，落实党委班子主体责任，严格履行领导干部**“一岗双责”**，签订全面从严治党责任书，层层压实责任。','5月20日下午，软件学院召开2021年全面从严治党工作会议，会议主要任务是全面贯彻党的十九大和十九届二中三中四中五中全会以及十九届中央纪委五次全会精神，深入贯',2,8,2,'http://rj.ecjtu.edu.cn/__local/B/D3/06/239EBD9DC92EE1291A5D6B90BBF_33E947EC_4AC7.jpg','2022-01-21 12:01:04',4),(31,'发布','原创','博士讲党史，推动课程思政','为积极响应我校**“百位博士讲党史”**活动，通过党史+专业的形式进行教学，4月26日下午2:30，我院严丽平、邓志刚、谌勇、朱志亮、王辉五位博士集体在软件大楼会议室406备课，**院长肖美华、院党委书记曹义亲、副院长张利华及邓毅雄、黄兆华、王长征老师**莅临指导。\r\n\r\n严丽平博士讲述的是**“百年巨变中的状态转换”**，她从软件测试的“状态转换测试理论”入手，以“Windows的屏幕保护程序测试”为例子”，再深入讲述到中国在百年巨变中的历史进程以及在不同时期中国的状态转换。\r\n\r\n![](http://rj.ecjtu.edu.cn/__local/0/8D/D6/DCF3EE58410B221755FDD5F6536_3F7E8825_C7E0.jpg)','为积极响应我校百位博士讲党史活动，通过党史专业的形式进行教学，4月26日下午2:30，我院严丽平邓志刚谌勇朱志亮王辉五位博士集体在软件大楼会议室406备课，院',2,8,2,'http://rj.ecjtu.edu.cn/__local/B/CD/EB/B644A53209550577C633F432FF6_A79CDA2B_14A3D.jpg','2022-01-21 12:02:28',5),(34,'发布','原创','软件学院召开党委专题学习会','5月28日下午，软件学院在教35栋404会议室召开党委专题学习会，会议由**院党委书记曹义亲**主持，学院党委委员、党政办主任、组织员参加会议。\r\n\r\n会议传达学习了习近平总书记考察广西的重要讲话精神、习近平总书记两次视察江西重要讲话精神以及省委书记刘奇同志在江西师范大学形势与政策报告会上的讲话精神。\r\n\r\n会议指出，习近平总书记考察广西的重要讲话为开展好党史学习教育进一步指明了方向，广大党员干部要从党的百年奋斗中感悟信仰的力量，始终保持顽强意志，勇敢战胜各种重大困难和严峻挑战。\r\n\r\n会议强调，党的十八大以来，党中央和习近平总书记十分关心江西发展，习近平总书记先后两次亲临江西，对江西工作分别提出了** “新的希望、三个着力、四个坚持”和“做示范、勇争先” **、** “五个推进” **的重要要求。全院师生要以习近平总书记对江西工作的要求为指导，在推进学院高质量发展上做示范、勇争先。\r\n\r\n会议指出，**省委书记刘奇同志**在江西师范大学形势与政策报告会上的讲话主题是学好百年党史，汲取强大力量，让青春在新长征路上绽放绚丽之花。中国共产党的百年历史，是一部顽强拼搏而不懈奋斗的历史，全院师生要在传承中保持昂扬精神，要在践行初心使命中凝聚磅礴力量。','5月28日下午，软件学院在教35栋404会议室召开党委专题学习会，会议由院党委书记曹义亲主持，学院党委委员党政办主任组织员参加会议。会议传达学习了习近平总书记',2,2,2,'','2022-01-29 10:31:56',3),(35,'发布','原创','经济管理学','# 经济管理学\r\n对行为主体基本倾向的抽象化认识形成经济学与管理学中的人性假设。经济学与管理学有不一样的派别，在经济学与管理学各自内部不一样派别之间的对人性假设的认识也不一致，但这种不一致辞只是大同小异，而两门学科之间却有很大的区别。','经济管理学对行为主体基本倾向的抽象化认识形成经济学与管理学中的人性假设。经济学与管理学有不一样的派别，在经济学与管理学各自内部不一样派别之间的对人性假设的认识',26,26,24,'','2022-03-07 10:30:01',47),(36,'发布','原创','专业介绍','　中国语言文学系创建于1926年。至1952年，先后执教于中文系的著名学者有陈寅恪、赵元任、杨树达、闻一多、朱自清、刘文典、俞平伯、浦江清、王瑶、王力、吕叔湘等，倡导和建立了包括戏曲史学、文学人类学、诗史互证之学在内的一系列新的学科方向，被公认为是中国现当代文学学科、中国现代语言学的发祥地。','中国语言文学系创建于1926年。至1952年，先后执教于中文系的著名学者有陈寅恪赵元任杨树达闻一多朱自清刘文典俞平伯浦江清王瑶王力吕叔湘等，倡导和建立了包括戏',27,27,25,'','2022-03-07 10:32:25',2),(37,'发布','原创','历史专业介绍','　历史系下设有中国古代史、中国近现代史、世界史、思想文化史等教研室，以及礼学研究中心等专门研究机构。2008年，历史系还与化学系、图书馆等单位合作，成立清华大学出土文献研究与保护中心，从事清华简等出土文献的保护整理与研究工作。2011年，以该中心为主建立的“出土文献与中国古代文明研究中心”获批为教育部人文社会科学重点研究基地。','历史系下设有中国古代史中国近现代史世界史思想文化史等教研室，以及礼学研究中心等专门研究机构。2008年，历史系还与化学系图书馆等单位合作，成立清华大学出土文献',27,28,25,'','2022-03-07 10:35:01',10),(38,'发布','原创','外国语言文学介绍','　改革开放以来，外文系主要经历了恢复建系和英语专业本科招生（1983）、培养文理复合型英语人才、恢复日语专业本科招生（1999）、与中文系合办中外文化综合班（1999~2004），设立英语语言文学硕士点（2000）、日语语言文学硕士点（2003）、英语语言文学博士点（2003）、外国语言文学一级学科博士点（2010）和博士后流动站（2010）等几个发展阶段。这期间除了成立英语专业教研室，日语专业教研室，大学英语基础课教研室，大学英语选修课教研室，大学英语研究生教研室，德语、俄语、法语等多语种教研室外，还先后成立了比较文学与文化研究中心、翻译与跨学科研究中心、欧美文学研究中心、澳大利亚研究中心、外国语言学研究中心、语言与心理研究中心、大学外语学习环境研究中心、大学外语测试研究中心、大学英语写作研究中心、大学英语学习策略与咨询辅导等研究和服务机构。一级学科博士点和与之相适应的一系列研究中心的建立，为学科发展、人才培养、队伍建设和学术研究提供了新的、更广阔的平台和契机。','改革开放以来，外文系主要经历了恢复建系和英语专业本科招生1983培养文理复合型英语人才恢复日语专业本科招生1999与中文系合办中外文化综合班19992004，',27,29,25,'','2022-03-07 10:36:10',23),(39,'发布','原创','哲学介绍','从复建伊始，经过多年人才引进，哲学系会集了一批哲学领域的著名学者和国外著名大学的博士归国人员，形成了一支高学术水平、高影响力的科研与教学队伍。目前任职教师有二十余人，其中教授 17 人（含外藉教授1人，学部委员1人），副教授4人；哲学系还延聘了多名国内外著名学者为兼职教授。他们在中国哲学、西方哲学、伦理学、逻辑学、文化哲学与文化批评、马克思文献研究、政治哲学等重要专业领域代表着国内领先水平。','从复建伊始，经过多年人才引进，哲学系会集了一批哲学领域的著名学者和国外著名大学的博士归国人员，形成了一支高学术水平高影响力的科研与教学队伍。目前任职教师有二十',27,30,25,'https://boot-img.xuexi.cn/image/1005/process/82474af93ea748a69262d4b300332d6d.jpg','2022-03-07 10:36:47',5),(40,'发布','原创','虎年新学期 院领导深入课堂巡课','新年新气象，开启新征程。2月21日，新学期正式开课第一天，我院院长李冬伟与党委书记王朗携院领导班子成员分组深入课堂一线，了解课堂教学秩序、教师授课、学生出勤、课堂纪律、教学环境等情况，并现场总结，对发现的问题及时提出相关要求。\r\n\r\n从巡课情况看，全院整体教学运行情况良好、教学秩序井然；任课教师准时到岗、讲课精神饱满、备课充分；学生出勤率高，上课积极认真；多媒体设备运行正常，教室内外环整洁干净。','新年新气象，开启新征程。2月21日，新学期正式开课第一天，我院院长李冬伟与党委书记王朗携院领导班子成员分组深入课堂一线，了解课堂教学秩序教师授课学生出勤课堂纪',26,26,24,'http://jgxy.ecjtu.edu.cn/__local/4/15/A5/3B98C9F0A299C93F0DA98CA9016_229CEAE1_18301.jpg','2022-03-19 18:03:37',0),(41,'发布','原创','我院召开新任院长任职宣布大会','1月4日上午，根据校党委安排，我院在北区图书馆圆形报告厅召开全体教职工大会，宣布我院新任院长任职决定。校党委委员、纪委书记、省纪委监委驻校专员洪梅，校党委组织部副部长魏永峰，学院新任院长李冬伟，原院长韩士专，学院党委书记王朗出席会议，会议由院党委书记王朗主持。','1月4日上午，根据校党委安排，我院在北区图书馆圆形报告厅召开全体教职工大会，宣布我院新任院长任职决定。校党委委员纪委书记省纪委监委驻校专员洪梅，校党委组织部副',26,31,24,'http://jgxy.ecjtu.edu.cn/__local/8/57/F6/CA02A8768A4DA9D04115CFF8B49_1DBC15FA_D821.jpg','2022-03-19 18:04:49',0),(42,'发布','原创','学院召开2021年度考核工作领导小组会议','2021年12月28日下午，我院韩士专院长主持召开了2021年度考核工作领导小组会议，严格落实学校与学院相关考核文件精神，确保本年度我院教职工年度考核工作顺利实施。学院党委书记王朗、副书记（兼纪检委员）刘文坚，副院长余得生、于海燕、周才云、朱嘉蔚等院考核工作领导小组成员出席了会议并担任评委，涉及小组成员本人参评的采取了回避制度。\r\n\r\n 会议共分四个议程，分别为行政管理人员考核与推优（竞评优秀者采取上台述职的方式）、各系教师初评结果通报、特殊情况人员考核评定、评选全院教职工考核结果。','2021年12月28日下午，我院韩士专院长主持召开了2021年度考核工作领导小组会议，严格落实学校与学院相关考核文件精神，确保本年度我院教职工年度考核工作顺利',26,32,24,'','2022-03-19 18:05:32',0),(43,'发布','原创','2021届经济统计学毕业论文答辩安排','要求：\r\n\r\n1. 参加答辩的前提是导师同意定稿且通过了论文查重检测（检测范围是毕业论文正文部分，复制比小于30%）。具体要求见教务处通知：\r\n\r\n2. 5月26日(星期三)下午4点之前学生必须将论文档案袋（包括评阅书1、评阅书2、评阅书3以及答辩记录,相关信息如姓名、学号、班级、题目名称等填好打印）和用A4纸打印的完整论文（无需正式封面和胶装）一份、查重报告（用于和答辩论文对比，以防答辩稿和检测稿有较大差异）交到统计系，由指导老师和评阅老师评阅，逾期未交者不允许参加答辩。所需表格和格式要求见经管学院网站相关文件：\r\n\r\n3. 答辩同学必须事先做好幻灯片，准备4份完整毕业论文（现场发至答辩老师），每人有5分钟时间介绍论文内容，约6分钟时间回答教师提问和质疑。','要求：1.参加答辩的前提是导师同意定稿且通过了论文查重检测检测范围是毕业论文正文部分，复制比小于30。具体要求见教务处通知：2.5月26日星期三下午4点之前学',26,31,24,'','2022-03-19 18:06:23',0);
/*!40000 ALTER TABLE `t_news` ENABLE KEYS */;
UNLOCK TABLES;

--
-- Table structure for table `t_persons`
--

DROP TABLE IF EXISTS `t_persons`;
/*!40101 SET @saved_cs_client     = @@character_set_client */;
/*!40101 SET character_set_client = utf8 */;
CREATE TABLE `t_persons` (
  `id` int(11) NOT NULL AUTO_INCREMENT,
  `username` varchar(255) DEFAULT NULL,
  `password` varchar(255) DEFAULT NULL,
  `name` varchar(255) DEFAULT NULL,
  `appearance` varchar(255) DEFAULT NULL COMMENT '政治面貌',
  `applyjoinpartytime` date DEFAULT NULL COMMENT '申请入党时间',
  `preparejoinpartytime` date DEFAULT NULL COMMENT '转预时间',
  `joinpartytime` date DEFAULT NULL COMMENT '转正时间',
  `phone` varchar(255) DEFAULT NULL,
  `email` varchar(255) DEFAULT NULL,
  `college_id` int(11) DEFAULT NULL,
  `major_id` int(11) DEFAULT NULL,
  `classname` varchar(255) DEFAULT NULL COMMENT '班级',
  `grade` int(255) DEFAULT NULL COMMENT '年级',
  PRIMARY KEY (`id`),
  KEY `t_persons_ibfk_1` (`college_id`),
  KEY `t_persons_ibfk_2` (`major_id`),
  CONSTRAINT `t_persons_ibfk_1` FOREIGN KEY (`college_id`) REFERENCES `t_colleges` (`id`) ON DELETE CASCADE ON UPDATE CASCADE,
  CONSTRAINT `t_persons_ibfk_2` FOREIGN KEY (`major_id`) REFERENCES `t_majors` (`id`) ON DELETE CASCADE ON UPDATE CASCADE
) ENGINE=InnoDB AUTO_INCREMENT=57 DEFAULT CHARSET=utf8;
/*!40101 SET character_set_client = @saved_cs_client */;

--
-- Dumping data for table `t_persons`
--

LOCK TABLES `t_persons` WRITE;
/*!40000 ALTER TABLE `t_persons` DISABLE KEYS */;
INSERT INTO `t_persons` VALUES (1,'xx1','e10adc3949ba59abbe56e057f20f883e','联想','officialM','2022-01-10','2022-01-11','2022-01-12','12345678890','1755627306@qq.com',2,2,'软件工程3班',NULL),(2,'xx2','e10adc3949ba59abbe56e057f20f883e','王大爷','officialM','2022-01-01','2022-01-02','2022-01-13','66666','12345678@163.com',2,2,'道铁1班',2018),(3,'xx3','e10adc3949ba59abbe56e057f20f883e','王五','prepareM','2021-12-10','2022-01-13',NULL,'455656','123456@163.com',2,8,'软件工程5班',2019),(4,'xx4','e10adc3949ba59abbe56e057f20f883e','赵六','officialM','2021-12-15','2022-01-08','2022-01-12','57474574','123456@163.com',2,9,'软件工程6班',2018),(6,'abc','e10adc3949ba59abbe56e057f20f883e','阿百川','officialM','2021-12-10','2021-12-19','2022-01-12','123456','1234567890@163.com',2,3,'信号1班',2018),(9,'jx','e10adc3949ba59abbe56e057f20f883e','杰西','prepareM','2022-01-08','2022-01-09',NULL,'123456','1234567890@163.com',2,11,'测试1班',2017),(12,'spk','e10adc3949ba59abbe56e057f20f883e','斯派克','positiveM','2021-11-21',NULL,NULL,'123456','1234567890@163.com',2,11,'测试1班',2019),(13,'琥珀','e10adc3949ba59abbe56e057f20f883e','琥珀','prepareM','2021-12-18','2021-12-26',NULL,'123456','1234567890@163.com',2,11,'测试6班',2017),(14,'大锤','e10adc3949ba59abbe56e057f20f883e','大锤','officialM','2021-11-14','2021-12-17','2022-01-08','123456','1234567890@163.com',2,8,'开发2班',2018),(15,'里昂','e10adc3949ba59abbe56e057f20f883e','里昂','positiveM','2021-10-08',NULL,NULL,'123456','1234567890@163.com',2,3,'信号2班',2020),(16,'潘妮','e10adc3949ba59abbe56e057f20f883e','潘妮','prepareM','2021-12-12','2022-01-15',NULL,'123456','1234567890@163.com',2,7,'桥梁2班',2020),(17,'雪梨','e10adc3949ba59abbe56e057f20f883e','雪梨','prepareM','2021-12-11','2022-01-08',NULL,'123456','1234567890@163.com',2,1,'大数据2班',2020),(18,'公牛','e10adc3949ba59abbe56e057f20f883e','公牛','prepareM','2021-11-28','2021-12-19',NULL,'123456','1234567890@163.com',2,11,'测试2班',2017),(19,'中海','e10adc3949ba59abbe56e057f20f883e','中海','officialM','2021-12-18','2021-12-24','2022-01-14','123456','1234567890@163.com',3,13,'建筑2班',2018),(20,'土木2','e10adc3949ba59abbe56e057f20f883e','土木2','prepareM','2021-12-19','2022-01-02',NULL,'123456','1234567890@163.com',3,12,'土木1班',2017),(21,'土木3','e10adc3949ba59abbe56e057f20f883e','土木3','prepareM','2021-11-13','2021-12-26',NULL,'123456','1234567890@163.com',3,13,'建筑1班',2019),(22,'土木4','e10adc3949ba59abbe56e057f20f883e','土木4','positiveM','2021-11-17',NULL,NULL,'123456','1234567890@163.com',3,5,'给排水3班',2020),(23,'土木5','e10adc3949ba59abbe56e057f20f883e','土木5','positiveM','2021-09-05',NULL,NULL,'123456','1234567890@163.com',3,12,'土木5班',2020),(24,'土木6','e10adc3949ba59abbe56e057f20f883e','土木6','positiveM','2021-04-17',NULL,NULL,'123456','1234567890@163.com',3,14,'道路8班',2018),(35,'电气1','e10adc3949ba59abbe56e057f20f883e','电气1','officialM','2021-12-11','2021-12-12','2022-01-14','123456','1234567890@163.com',6,25,'电气自动化1班',2018),(36,'艺术1','e10adc3949ba59abbe56e057f20f883e','艺术1','prepareM','2022-01-02','2022-01-06',NULL,'123456','1234567890@163.com',5,6,'表演和艺术5班',2018),(38,'斯图','e10adc3949ba59abbe56e057f20f883e','斯图','prepareM','2022-01-02','2022-01-05',NULL,'123456','1234567890@163.com',2,9,'网安1班',2019),(39,'胖子','e10adc3949ba59abbe56e057f20f883e','胖子','prepareM','2022-02-16','2022-02-18',NULL,'123456','1234567890@163.com',2,9,'网安4班',2019),(40,'文学院学生','e10adc3949ba59abbe56e057f20f883e','文学院学生','officialM','2022-03-04','2022-03-05','2022-03-06','123456','1234567890@163.com',27,27,'汉语言3班',2018),(41,'经管学院学生一','e10adc3949ba59abbe56e057f20f883e','经管学院学生一','prepareM','2022-02-12','2022-02-20',NULL,'123456','1234567890@163.com',26,26,'管理1班',2020),(42,'经管学院学生二','e10adc3949ba59abbe56e057f20f883e','经管学院学生二','prepareM','2022-03-05','2022-03-08',NULL,'123456','1234567890@163.com',26,26,'管理2班',2019),(43,'经管学院学生三','e10adc3949ba59abbe56e057f20f883e','经管学院学生三','positiveM','2022-03-06',NULL,NULL,'123456','1234567890@163.com',26,26,'管理2班',2017),(44,'testPerson','e10adc3949ba59abbe56e057f20f883e','testPerson','officialM','2022-03-17','2022-03-18','2022-03-20','123456','9999999@163.com',2,7,'测试1班',2020),(45,'艺术2','e10adc3949ba59abbe56e057f20f883e','艺术2','positiveM','2022-03-18',NULL,NULL,'123456','1234567890@163.com',5,6,'艺术一班',2018),(46,'艺术3','e10adc3949ba59abbe56e057f20f883e','艺术3','positiveM','2022-03-12',NULL,NULL,'123456','1234567890@163.com',5,6,'艺术二班',2017),(47,'艺术4','e10adc3949ba59abbe56e057f20f883e','艺术4','officialM','2022-03-11','2022-03-06','2022-03-07','123456','1234567890@163.com',5,6,'艺术三班',2021),(48,'机电1','e10adc3949ba59abbe56e057f20f883e','机电1','prepareM','2022-03-18','2022-03-18',NULL,'123456','1234567890@163.com',6,25,'自动化一班',2020),(49,'机电2','e10adc3949ba59abbe56e057f20f883e','机电2','positiveM','2022-03-04',NULL,NULL,'123456','1234567890@163.com',6,25,'测试1班',2019),(50,'经济1','e10adc3949ba59abbe56e057f20f883e','经济1','officialM','2022-03-04','2022-03-12','2022-03-14','123456','1234567890@163.com',26,26,'测试1班',2019),(51,'经济2','e10adc3949ba59abbe56e057f20f883e','经济2','prepareM','2022-03-18','2022-03-18',NULL,'123456','1234567890@163.com',26,26,'经管一班',2020),(52,'人文1','e10adc3949ba59abbe56e057f20f883e','人文1','prepareM','2022-03-11','2022-03-19',NULL,'123456','1234567890@163.com',27,29,'外国语三班',2020),(53,'人文2','e10adc3949ba59abbe56e057f20f883e','人文2','positiveM','2022-03-18',NULL,NULL,'123456','1234567890@163.com',27,28,'思想四班',2019),(54,'人文3','e10adc3949ba59abbe56e057f20f883e','人文3','positiveM','2022-03-18',NULL,NULL,'123456','1234567890@163.com',27,30,'哲学二班',2017),(55,'人文4','e10adc3949ba59abbe56e057f20f883e','人文4','positiveM','2022-03-18',NULL,NULL,'123456','1234567890@163.com',27,28,'测试1班',2017),(56,'人文5','e10adc3949ba59abbe56e057f20f883e','人文5','positiveM','2022-03-18',NULL,NULL,'123345','1234567890@163.com',27,30,'测试2班',2018);
/*!40000 ALTER TABLE `t_persons` ENABLE KEYS */;
UNLOCK TABLES;

--
-- Table structure for table `t_statements`
--

DROP TABLE IF EXISTS `t_statements`;
/*!40101 SET @saved_cs_client     = @@character_set_client */;
/*!40101 SET character_set_client = utf8 */;
CREATE TABLE `t_statements` (
  `id` int(11) NOT NULL AUTO_INCREMENT,
  `speaktime` datetime DEFAULT NULL,
  `meeting_id` int(11) DEFAULT NULL,
  `nickname` varchar(255) DEFAULT NULL,
  `content` longtext,
  `phone` varchar(255) DEFAULT NULL,
  `college_id` int(11) DEFAULT NULL,
  `title` varchar(255) DEFAULT NULL COMMENT '会议标题',
  PRIMARY KEY (`id`),
  KEY `t_statements_ibfk_1` (`meeting_id`),
  CONSTRAINT `t_statements_ibfk_1` FOREIGN KEY (`meeting_id`) REFERENCES `t_meetings` (`id`) ON DELETE CASCADE ON UPDATE CASCADE
) ENGINE=InnoDB AUTO_INCREMENT=11 DEFAULT CHARSET=utf8;
/*!40101 SET character_set_client = @saved_cs_client */;

--
-- Dumping data for table `t_statements`
--

LOCK TABLES `t_statements` WRITE;
/*!40000 ALTER TABLE `t_statements` DISABLE KEYS */;
INSERT INTO `t_statements` VALUES (1,'2022-02-13 11:35:41',10,'联想','通过学习理论提⾼⾃⾝素质','12345678890',2,'第五次会议'),(4,'2022-02-13 11:58:41',10,'王大爷','把学习党的章程严格要求⾃⼰','66666',2,'第五次会议'),(5,'2022-02-13 12:01:47',10,'王大爷','学生青年应该向组织靠拢','66666',2,'第五次会议'),(6,'2022-02-13 15:33:10',12,'hhh','在思想和⾏为上⼊党，才是真正的⼊党','66666',2,'第三次党课'),(7,'2022-02-13 15:42:11',10,'柯尔特','不忘初心，牢记使命','123456',2,'第五次会议'),(8,'2022-02-13 15:43:11',12,'柯尔特','初心就是情怀，使命就是担当','123456',2,'第三次党课'),(9,'2022-03-04 10:49:33',10,'联想','要坚定理想，勇担使命','12345678890',2,'第五次会议'),(10,'2022-03-29 11:27:39',25,'联想','严格遵守会议流程','12345678890',2,'党员讨论');
/*!40000 ALTER TABLE `t_statements` ENABLE KEYS */;
UNLOCK TABLES;

--
-- Table structure for table `t_taskfile`
--

DROP TABLE IF EXISTS `t_taskfile`;
/*!40101 SET @saved_cs_client     = @@character_set_client */;
/*!40101 SET character_set_client = utf8 */;
CREATE TABLE `t_taskfile` (
  `id` int(11) NOT NULL AUTO_INCREMENT,
  `file` varchar(255) DEFAULT NULL,
  `admin_id` int(11) DEFAULT NULL COMMENT '回复者id',
  `college_id` int(11) DEFAULT NULL COMMENT '所属学院id',
  `content` longtext COMMENT '任务完成情况',
  `title` varchar(255) DEFAULT NULL COMMENT '任务名称',
  `comptime` datetime DEFAULT NULL COMMENT '完成时间',
  `task_id` int(11) DEFAULT NULL,
  PRIMARY KEY (`id`),
  KEY `task_id` (`task_id`),
  CONSTRAINT `t_taskfile_ibfk_1` FOREIGN KEY (`task_id`) REFERENCES `t_tasks` (`id`) ON DELETE CASCADE ON UPDATE CASCADE
) ENGINE=InnoDB AUTO_INCREMENT=32 DEFAULT CHARSET=utf8;
/*!40101 SET character_set_client = @saved_cs_client */;

--
-- Dumping data for table `t_taskfile`
--

LOCK TABLES `t_taskfile` WRITE;
/*!40000 ALTER TABLE `t_taskfile` DISABLE KEYS */;
INSERT INTO `t_taskfile` VALUES (15,'教学示例.xlsx',4,5,'测试',' 图书馆举行“火车头”党员先锋岗授牌仪式','2022-03-13 16:11:55',13),(16,NULL,24,26,'填充内容','华东交通大学2022年高层次人才招聘公告','2022-03-20 21:43:55',12),(17,NULL,24,26,'完成任务内容','校团委获评2021年度全省共青团工作优秀单位','2022-03-20 21:45:02',15),(18,NULL,25,27,'内容','华东交通大学2022年高层次人才招聘公告','2022-03-20 21:45:27',12),(19,NULL,23,30,'任务完成','关于疫情管控','2022-03-23 11:49:02',9),(20,NULL,23,30,'任务全部完成','华东交通大学2022年高层次人才招聘公告','2022-03-23 11:49:17',12),(21,NULL,23,30,'任务差一人完成',' 图书馆举行“火车头”党员先锋岗授牌仪式','2022-03-23 11:49:05',13),(22,NULL,5,6,'任务圆满完成','关于疫情管控','2022-03-23 11:49:07',9),(23,NULL,5,6,'任务圆满完成','华东交通大学2022年高层次人才招聘公告','2022-03-23 11:49:09',12),(24,NULL,5,6,'任务差一人完成',' 图书馆举行“火车头”党员先锋岗授牌仪式','2022-03-23 11:49:14',13),(25,NULL,5,6,'任务差两人完成','我校“2021年全国科普日活动”获中国科协表扬','2022-03-23 11:49:11',14),(26,'疫情管控报告.docx',3,3,'戴口罩，多通风','关于疫情管控','2022-03-29 10:19:22',9),(27,NULL,3,3,'我们党员要起带头作用',' 图书馆举行“火车头”党员先锋岗授牌仪式','2022-03-29 10:20:09',13),(28,'贺喜文案.docx',5,6,'我们一定会继续努力的！','校团委获评2021年度全省共青团工作优秀单位','2022-03-29 10:21:09',15),(30,NULL,2,2,'党员要起模范带头作用',' 图书馆举行“火车头”党员先锋岗授牌仪式','2022-03-29 11:08:14',13),(31,'招聘文案.docx',2,2,'招聘高水平的老师','华东交通大学2022年高层次人才招聘公告','2022-03-29 11:11:03',12);
/*!40000 ALTER TABLE `t_taskfile` ENABLE KEYS */;
UNLOCK TABLES;

--
-- Table structure for table `t_tasks`
--

DROP TABLE IF EXISTS `t_tasks`;
/*!40101 SET @saved_cs_client     = @@character_set_client */;
/*!40101 SET character_set_client = utf8 */;
CREATE TABLE `t_tasks` (
  `id` int(255) NOT NULL AUTO_INCREMENT,
  `publictime` date DEFAULT NULL,
  `endtime` date DEFAULT NULL,
  `content` longtext,
  `remind` int(255) DEFAULT NULL COMMENT '提醒',
  `admin_id` int(11) DEFAULT NULL COMMENT '发布者id',
  `college_id` int(11) DEFAULT NULL COMMENT '发布者所在学院id',
  `title` varchar(255) DEFAULT NULL COMMENT '任务标题',
  `compcollege_id` varchar(255) DEFAULT NULL COMMENT '完成任务的学院id',
  PRIMARY KEY (`id`),
  KEY `admin_id` (`admin_id`),
  KEY `college_id` (`college_id`),
  CONSTRAINT `t_tasks_ibfk_1` FOREIGN KEY (`admin_id`) REFERENCES `t_admins` (`id`) ON DELETE CASCADE ON UPDATE CASCADE,
  CONSTRAINT `t_tasks_ibfk_2` FOREIGN KEY (`college_id`) REFERENCES `t_colleges` (`id`) ON DELETE CASCADE ON UPDATE CASCADE
) ENGINE=InnoDB AUTO_INCREMENT=16 DEFAULT CHARSET=utf8;
/*!40101 SET character_set_client = @saved_cs_client */;

--
-- Dumping data for table `t_tasks`
--

LOCK TABLES `t_tasks` WRITE;
/*!40000 ALTER TABLE `t_tasks` DISABLE KEYS */;
INSERT INTO `t_tasks` VALUES (9,'2022-03-29','2022-03-30','  疫情愈发严重，请务必保证学院学生和老师安全，我们责任重大',0,3,3,'关于疫情管控',',30,6,3'),(12,'2022-03-29','2022-03-30','## 一、招聘类别\r\n\r\n（一）高端人才及高水平团队。在本学科领域具有较大影响力、取得突出业绩成果，且契合我校学科发展需要，在高水平大学、研究机构担任副教授及以上或相当职务的专家学者，年龄一般不超过40周岁（教授年龄一般不超过45周岁）。\r\n\r\n（二）优秀博士（博士后）。具有良好的科研能力，契合我校学科专业建设需求，具备较好发展潜力的优秀博士（博士后），年龄不超过35周岁（副教授年龄不超过40周岁，教授年龄不超过45周岁）\r\n\r\n## 二、招聘需求\r\n\r\n（一）高端人才及高水平团队常年招聘，不限名额。\r\n\r\n（二）博士招聘需求（见下表）',0,2,2,'华东交通大学2022年高层次人才招聘公告',',6,27,30,6,2'),(13,'2022-03-29','2022-03-30','仪式上，图书馆党总支负责人介绍了“火车头”党员先锋岗创建活动的背景、意义和基本情况，并对先锋岗党员提出了具体要求。他强调，被授牌的先锋岗党员在以后的工作中更要严格要求自己，要带头加强学习，提高思想觉悟和工作能力；带头履职尽责，不断提升工作效率和效果；带头增强服务意识，提升服务效能；带头遵章守纪，做优秀共产党员，充分发挥“火车头”**先锋作用**，带领全体员工跑出图书馆的“复兴号”党建成效。\r\n\r\n图书馆共获批四个“火车头”党员服务先锋岗，包括2个集体先锋岗，2个个人先锋岗。先锋岗内党员有23人，占党员总人数比例76%。',0,1,1,' 图书馆举行“火车头”党员先锋岗授牌仪式',',,5,,5,30,6,3,,2'),(14,'2022-03-12','2022-03-13','# 启动时间\r\n2021年9月11—17日，以“百年再出发，迈向高水平科技自立自强”为主题的全国科普日活动在全国各地启动。我校积极响应号召，依托学校专业特色，以“中国铁路科技自立自强”主题，开展了一系列科普活动，用实际行动普及科学知识。\r\n\r\n------------\r\n# 会议安排\r\n9月15—21日，在**中国铁道学会**、江西省科协的指导下，由校科协主办，科发院、轨道交通基础设施性能监测与保障国家重点实验室、轨道中心、团委等部门承办，江西省铁道学会、江西中车长客轨道车辆有限公司协办的“2021年华东交通大学全国科普日”活动在北区教40栋顺利举行。活动包括主题展览、科普讲座“轨道说—科普大课堂”、大学生科技作品展、国家重点实验室公众开放以及走进企业活动等。本次活动以良好的科普效果和契合时代精神的立意高度从全国数千个参评活动中脱颖而出。',0,1,1,'我校“2021年全国科普日活动”获中国科协表扬',',,6'),(15,'2022-03-29','2022-03-30','恭喜学校！！！',0,3,3,'校团委获评2021年度全省共青团工作优秀单位',',26,6');
/*!40000 ALTER TABLE `t_tasks` ENABLE KEYS */;
UNLOCK TABLES;
/*!40103 SET TIME_ZONE=@OLD_TIME_ZONE */;

/*!40101 SET SQL_MODE=@OLD_SQL_MODE */;
/*!40014 SET FOREIGN_KEY_CHECKS=@OLD_FOREIGN_KEY_CHECKS */;
/*!40014 SET UNIQUE_CHECKS=@OLD_UNIQUE_CHECKS */;
/*!40101 SET CHARACTER_SET_CLIENT=@OLD_CHARACTER_SET_CLIENT */;
/*!40101 SET CHARACTER_SET_RESULTS=@OLD_CHARACTER_SET_RESULTS */;
/*!40101 SET COLLATION_CONNECTION=@OLD_COLLATION_CONNECTION */;
/*!40111 SET SQL_NOTES=@OLD_SQL_NOTES */;

-- Dump completed on 2022-04-20 11:22:44
